id,name,slug,created_at,updated_at,logo_url,logo_source,logo_status,logo_updated_at,aliases,audit_class,audit_confidence,audit_reason,audit_source
manuf-asus,ASUS,,,,,,,,,VERIFIED_BRAND,100,Official company/manufacturer website found,https://www.asus.com/
manuf-lenovo,Lenovo,,,,,,,,,VERIFIED_BRAND,90,Exact popular-brand icon source matched the clean name,https://cdn.simpleicons.org/lenovo
manufacturer-acer-17m27,Acer,,,,,,,,,VERIFIED_BRAND,90,Exact popular-brand icon source matched the clean name,https://cdn.simpleicons.org/acer
manufacturer-amd-1e3c,AMD,,,,,,,,,VERIFIED_BRAND,100,Official company/manufacturer website found,https://www.amd.com/en.html
manufacturer-anydesk-dlj8f9,Anydesk,,,,,,,,,VERIFIED_BRAND,90,Exact popular-brand icon source matched the clean name,https://cdn.simpleicons.org/anydesk
manufacturer-apple-11sit6,Apple,,,,,,,,,VERIFIED_BRAND,90,Exact popular-brand icon source matched the clean name,https://cdn.simpleicons.org/apple
manufacturer-asrock-w332k7,ASRock,,,,,,,,,VERIFIED_BRAND,100,Official company/manufacturer website found,https://www.asrock.com/
manufacturer-atari-11urs5,Atari,,,,,,,,,VERIFIED_BRAND,90,Exact popular-brand icon source matched the clean name,https://cdn.simpleicons.org/atari
manufacturer-audi-17zdl,Audi,,,,,,,,,VERIFIED_BRAND,90,Exact popular-brand icon source matched the clean name,https://cdn.simpleicons.org/audi
manufacturer-autodesk-ovckbs,Autodesk,,,,,,,,,VERIFIED_BRAND,90,Exact popular-brand icon source matched the clean name,https://cdn.simpleicons.org/autodesk
manufacturer-backbone-yvmawl,Backbone,,,,,,,,,VERIFIED_BRAND,90,Exact popular-brand icon source matched the clean name,https://cdn.simpleicons.org/backbone
manufacturer-beats-124zml,Beats,,,,,,,,,VERIFIED_BRAND,90,Exact popular-brand icon source matched the clean name,https://cdn.simpleicons.org/beats
manufacturer-bitdefender-5wqiwg,Bitdefender,,,,,,,,,VERIFIED_BRAND,90,Exact popular-brand icon source matched the clean name,https://cdn.simpleicons.org/bitdefender
manufacturer-bmw-1fn0,Bmw,,,,,,,,,VERIFIED_BRAND,90,Exact popular-brand icon source matched the clean name,https://cdn.simpleicons.org/bmw
manufacturer-bosch-12bqff,Bosch,,,,,,,,,VERIFIED_BRAND,90,Exact popular-brand icon source matched the clean name,https://cdn.simpleicons.org/bosch
manufacturer-broadcom-72uwv3,Broadcom,,,,,,,,,VERIFIED_BRAND,90,Exact popular-brand icon source matched the clean name,https://cdn.simpleicons.org/broadcom
manufacturer-chrysler-wzccb6,Chrysler,,,,,,,,,VERIFIED_BRAND,90,Exact popular-brand icon source matched the clean name,https://cdn.simpleicons.org/chrysler
manufacturer-cisco-12rp3t,Cisco,,,,,,,,,VERIFIED_BRAND,90,Exact popular-brand icon source matched the clean name,https://cdn.simpleicons.org/cisco
manufacturer-citroen-uii758,Citroen,,,,,,,,,VERIFIED_BRAND,90,Exact popular-brand icon source matched the clean name,https://cdn.simpleicons.org/citroen
manufacturer-coreldraw-7374up,Coreldraw,,,,,,,,,VERIFIED_BRAND,90,Exact popular-brand icon source matched the clean name,https://cdn.simpleicons.org/coreldraw
manufacturer-deepcool-bgykwl,Deepcool,,,,,,,,,VERIFIED_BRAND,90,Exact popular-brand icon source matched the clean name,https://cdn.simpleicons.org/deepcool
manufacturer-dell-19ko1,Dell,,,,,,,,,VERIFIED_BRAND,90,Exact popular-brand icon source matched the clean name,https://cdn.simpleicons.org/dell
manufacturer-dji-1h1f,Dji,,,,,,,,,VERIFIED_BRAND,90,Exact popular-brand icon source matched the clean name,https://cdn.simpleicons.org/dji
manufacturer-epson-13zrhj,Epson,,,,,,,,,VERIFIED_BRAND,90,Exact popular-brand icon source matched the clean name,https://cdn.simpleicons.org/epson
manufacturer-fiat-1axcm,Fiat,,,,,,,,,VERIFIED_BRAND,90,Exact popular-brand icon source matched the clean name,https://cdn.simpleicons.org/fiat
manufacturer-fujifilm-m3j6ya,Fujifilm,,,,,,,,,VERIFIED_BRAND,90,Exact popular-brand icon source matched the clean name,https://cdn.simpleicons.org/fujifilm
manufacturer-fujitsu-j1kjhk,Fujitsu,,,,,,,,,VERIFIED_BRAND,90,Exact popular-brand icon source matched the clean name,https://cdn.simpleicons.org/fujitsu
manufacturer-genius-z7qv87,Genius,,,,,,,,,VERIFIED_BRAND,90,Exact popular-brand icon source matched the clean name,https://cdn.simpleicons.org/genius
manufacturer-google-zd9eft,Google,,,,,,,,,VERIFIED_BRAND,90,Exact popular-brand icon source matched the clean name,https://cdn.simpleicons.org/google
manufacturer-hitachi-s5xxm2,Hitachi,,,,,,,,,VERIFIED_BRAND,90,Exact popular-brand icon source matched the clean name,https://cdn.simpleicons.org/hitachi
manufacturer-honor-15mekq,Honor,,,,,,,,,VERIFIED_BRAND,90,Exact popular-brand icon source matched the clean name,https://cdn.simpleicons.org/honor
manufacturer-hp-1s8,HP,,,,,,,,,VERIFIED_BRAND,90,Exact popular-brand icon source matched the clean name,https://cdn.simpleicons.org/hp
manufacturer-htc-1k8n,Htc,,,,,,,,,VERIFIED_BRAND,90,Exact popular-brand icon source matched the clean name,https://cdn.simpleicons.org/htc
manufacturer-huawei-z3qvp5,Huawei,,,,,,,,,VERIFIED_BRAND,90,Exact popular-brand icon source matched the clean name,https://cdn.simpleicons.org/huawei
manufacturer-hyperx-z1ahjo,Hyperx,,,,,,,,,VERIFIED_BRAND,90,Exact popular-brand icon source matched the clean name,https://cdn.simpleicons.org/hyperx
manufacturer-hyundai-kkfvb2,Hyundai,,,,,,,,,VERIFIED_BRAND,90,Exact popular-brand icon source matched the clean name,https://cdn.simpleicons.org/hyundai
manufacturer-imou-1cxm2,Imou,,,,,,,,,VERIFIED_BRAND,90,Exact popular-brand icon source matched the clean name,https://cdn.simpleicons.org/imou
manufacturer-insta360-a8ymc2,Insta360,,,,,,,,,VERIFIED_BRAND,90,Exact popular-brand icon source matched the clean name,https://cdn.simpleicons.org/insta360
manufacturer-intel-165ody,Intel,,,,,,,,,VERIFIED_BRAND,90,Exact popular-brand icon source matched the clean name,https://cdn.simpleicons.org/intel
manufacturer-jbl-1kic,JBL,,,,,,,,,VERIFIED_BRAND,90,Exact popular-brand icon source matched the clean name,https://cdn.simpleicons.org/jbl
manufacturer-jcb-1lbd,Jcb,,,,,,,,,VERIFIED_BRAND,90,Exact popular-brand icon source matched the clean name,https://cdn.simpleicons.org/jcb
manufacturer-jeep-1defa,Jeep,,,,,,,,,VERIFIED_BRAND,90,Exact popular-brand icon source matched the clean name,https://cdn.simpleicons.org/jeep
manufacturer-kia-1m77,Kia,,,,,,,,,VERIFIED_BRAND,90,Exact popular-brand icon source matched the clean name,https://cdn.simpleicons.org/kia
manufacturer-kodak-179klm,Kodak,,,,,,,,,VERIFIED_BRAND,90,Exact popular-brand icon source matched the clean name,https://cdn.simpleicons.org/kodak
manufacturer-lg-1vf,LG,,,,,,,,,VERIFIED_BRAND,90,Exact popular-brand icon source matched the clean name,https://cdn.simpleicons.org/lg
manufacturer-maserati-5jht62,Maserati,,,,,,,,,VERIFIED_BRAND,90,Exact popular-brand icon source matched the clean name,https://cdn.simpleicons.org/maserati
manufacturer-mazda-184ocj,Mazda,,,,,,,,,VERIFIED_BRAND,90,Exact popular-brand icon source matched the clean name,https://cdn.simpleicons.org/mazda
manufacturer-meta-1fbqd,Meta,,,,,,,,,VERIFIED_BRAND,90,Exact popular-brand icon source matched the clean name,https://cdn.simpleicons.org/meta
manufacturer-mg-1x6,Mg,,,,,,,,,VERIFIED_BRAND,90,Exact popular-brand icon source matched the clean name,https://cdn.simpleicons.org/mg
manufacturer-mikrotik-motvau,MikroTik,,,,,,,,,VERIFIED_BRAND,90,Exact popular-brand icon source matched the clean name,https://cdn.simpleicons.org/mikrotik
manufacturer-miro-1fent,Miro,,,,,,,,,VERIFIED_BRAND,90,Exact popular-brand icon source matched the clean name,https://cdn.simpleicons.org/miro
manufacturer-motorola-1fqj4h,Motorola,,,,,,,,,VERIFIED_BRAND,90,Exact popular-brand icon source matched the clean name,https://cdn.simpleicons.org/motorola
manufacturer-msi-1n4z,MSI,,,,,,,,,VERIFIED_BRAND,90,Exact popular-brand icon source matched the clean name,https://cdn.simpleicons.org/msi
manufacturer-nec-1obw,Nec,,,,,,,,,VERIFIED_BRAND,90,Exact popular-brand icon source matched the clean name,https://cdn.simpleicons.org/nec
manufacturer-nissan-wfr9qw,Nissan,,,,,,,,,VERIFIED_BRAND,90,Exact popular-brand icon source matched the clean name,https://cdn.simpleicons.org/nissan
manufacturer-nokia-18x3r6,Nokia,,,,,,,,,VERIFIED_BRAND,90,Exact popular-brand icon source matched the clean name,https://cdn.simpleicons.org/nokia
manufacturer-norton-wch43i,Norton,,,,,,,,,VERIFIED_BRAND,90,Exact popular-brand icon source matched the clean name,https://cdn.simpleicons.org/norton
manufacturer-nutanix-5g4lbr,Nutanix,,,,,,,,,VERIFIED_BRAND,90,Exact popular-brand icon source matched the clean name,https://cdn.simpleicons.org/nutanix
manufacturer-nvidia-wqz5xh,NVIDIA,,,,,,,,,VERIFIED_BRAND,90,Exact popular-brand icon source matched the clean name,https://cdn.simpleicons.org/nvidia
manufacturer-nzxt-1geeg,Nzxt,,,,,,,,,VERIFIED_BRAND,90,Exact popular-brand icon source matched the clean name,https://cdn.simpleicons.org/nzxt
manufacturer-oneplus-5oyyu8,Oneplus,,,,,,,,,VERIFIED_BRAND,90,Exact popular-brand icon source matched the clean name,https://cdn.simpleicons.org/oneplus
manufacturer-panasonic-6umr6w,Panasonic,,,,,,,,,VERIFIED_BRAND,90,Exact popular-brand icon source matched the clean name,https://cdn.simpleicons.org/panasonic
manufacturer-peugeot-gclgsj,Peugeot,,,,,,,,,VERIFIED_BRAND,90,Exact popular-brand icon source matched the clean name,https://cdn.simpleicons.org/peugeot
manufacturer-planet-vgc8js,Planet,,,,,,,,,VERIFIED_BRAND,90,Exact popular-brand icon source matched the clean name,https://cdn.simpleicons.org/planet
manufacturer-playstation-u640v4,Playstation,,,,,,,,,VERIFIED_BRAND,90,Exact popular-brand icon source matched the clean name,https://cdn.simpleicons.org/playstation
manufacturer-poly-1hfxo,Poly,,,,,,,,,VERIFIED_BRAND,90,Exact popular-brand icon source matched the clean name,https://cdn.simpleicons.org/poly
manufacturer-qnap-1hde4,QNAP,,,,,,,,,VERIFIED_BRAND,90,Exact popular-brand icon source matched the clean name,https://cdn.simpleicons.org/qnap
manufacturer-razer-1avnco,Razer,,,,,,,,,VERIFIED_BRAND,90,Exact popular-brand icon source matched the clean name,https://cdn.simpleicons.org/razer
manufacturer-samsung-cnol5y,Samsung,,,,,,,,,VERIFIED_BRAND,90,Exact popular-brand icon source matched the clean name,https://cdn.simpleicons.org/samsung
manufacturer-seagate-aybp8m,Seagate,,,,,,,,,VERIFIED_BRAND,90,Exact popular-brand icon source matched the clean name,https://cdn.simpleicons.org/seagate
manufacturer-sharp-1bjemi,Sharp,,,,,,,,,VERIFIED_BRAND,90,Exact popular-brand icon source matched the clean name,https://cdn.simpleicons.org/sharp
manufacturer-sketchup-yq41nr,Sketchup,,,,,,,,,VERIFIED_BRAND,90,Exact popular-brand icon source matched the clean name,https://cdn.simpleicons.org/sketchup
manufacturer-skoda-1bllmc,Skoda,,,,,,,,,VERIFIED_BRAND,90,Exact popular-brand icon source matched the clean name,https://cdn.simpleicons.org/skoda
manufacturer-sony-1jcxz,Sony,,,,,,,,,VERIFIED_BRAND,90,Exact popular-brand icon source matched the clean name,https://cdn.simpleicons.org/sony
manufacturer-supermicro-4rev61,Supermicro,,,,,,,,,VERIFIED_BRAND,90,Exact popular-brand icon source matched the clean name,https://cdn.simpleicons.org/supermicro
manufacturer-suse-1jhhw,Suse,,,,,,,,,VERIFIED_BRAND,90,Exact popular-brand icon source matched the clean name,https://cdn.simpleicons.org/suse
manufacturer-synology-vb5d6k,Synology,,,,,,,,,VERIFIED_BRAND,90,Exact popular-brand icon source matched the clean name,https://cdn.simpleicons.org/synology
manufacturer-teamviewer-ompgpb,Teamviewer,,,,,,,,,VERIFIED_BRAND,90,Exact popular-brand icon source matched the clean name,https://cdn.simpleicons.org/teamviewer
manufacturer-tesla-1c1ng7,Tesla,,,,,,,,,VERIFIED_BRAND,90,Exact popular-brand icon source matched the clean name,https://cdn.simpleicons.org/tesla
manufacturer-tomtom-tiako0,Tomtom,,,,,,,,,VERIFIED_BRAND,90,Exact popular-brand icon source matched the clean name,https://cdn.simpleicons.org/tomtom
manufacturer-toshiba-8qfw3c,Toshiba,,,,,,,,,VERIFIED_BRAND,90,Exact popular-brand icon source matched the clean name,https://cdn.simpleicons.org/toshiba
manufacturer-toyota-ti30f6,Toyota,,,,,,,,,VERIFIED_BRAND,90,Exact popular-brand icon source matched the clean name,https://cdn.simpleicons.org/toyota
manufacturer-veeam-1d4y02,Veeam,,,,,,,,,VERIFIED_BRAND,90,Exact popular-brand icon source matched the clean name,https://cdn.simpleicons.org/veeam
manufacturer-volvo-1dbhkc,Volvo,,,,,,,,,VERIFIED_BRAND,90,Exact popular-brand icon source matched the clean name,https://cdn.simpleicons.org/volvo
manufacturer-wondershare-wytwpw,Wondershare,,,,,,,,,VERIFIED_BRAND,90,Exact popular-brand icon source matched the clean name,https://cdn.simpleicons.org/wondershare
manufacturer-xiaomi-rpmm91,Xiaomi,,,,,,,,,VERIFIED_BRAND,90,Exact popular-brand icon source matched the clean name,https://cdn.simpleicons.org/xiaomi
manufacturer-a4tech-vmmyax,A4tech,,,,,,,,,UNVERIFIED_CANDIDATE,50,"Plausible name, but no authoritative verification evidence available",
manufacturer-acar-17lyr,Acar,,,,,,,,,UNVERIFIED_CANDIDATE,50,"Plausible name, but no authoritative verification evidence available",
manufacturer-acc-1en5,Acc,,,,,,,,,UNVERIFIED_CANDIDATE,50,"Plausible name, but no authoritative verification evidence available",
manufacturer-acdsee-wc7ctt,Acdsee,,,,,,,,,UNVERIFIED_CANDIDATE,50,"Plausible name, but no authoritative verification evidence available",
manufacturer-acrobat-8ads52,Acrobat,,,,,,,,,UNVERIFIED_CANDIDATE,50,"Plausible name, but no authoritative verification evidence available",
manufacturer-acronis-8ae189,Acronis,,,,,,,,,UNVERIFIED_CANDIDATE,50,"Plausible name, but no authoritative verification evidence available",
manufacturer-adata-11kk17,Adata,,,,,,,,,UNVERIFIED_CANDIDATE,50,"Plausible name, but no authoritative verification evidence available",
manufacturer-adobe-11ktzj,Adobe,,,,,,,,,UNVERIFIED_CANDIDATE,50,"Plausible name, but no authoritative verification evidence available",
manufacturer-aeroband-267kty,Aeroband,,,,,,,,,UNVERIFIED_CANDIDATE,50,"Plausible name, but no authoritative verification evidence available",
manufacturer-aerocool-268i8a,Aerocool,,,,,,,,,UNVERIFIED_CANDIDATE,50,"Plausible name, but no authoritative verification evidence available",
manufacturer-agfa-17p1d,Agfa,,,,,,,,,UNVERIFIED_CANDIDATE,50,"Plausible name, but no authoritative verification evidence available",
manufacturer-agfaphoto-dhbg41,Agfaphoto,,,,,,,,,UNVERIFIED_CANDIDATE,50,"Plausible name, but no authoritative verification evidence available",
manufacturer-airpods-b4of7c,Airpods,,,,,,,,,UNVERIFIED_CANDIDATE,50,"Plausible name, but no authoritative verification evidence available",
manufacturer-ajax-17r5s,Ajax,,,,,,,,,UNVERIFIED_CANDIDATE,50,"Plausible name, but no authoritative verification evidence available",
manufacturer-allprint-v2fydo,Allprint,,,,,,,,,UNVERIFIED_CANDIDATE,50,"Plausible name, but no authoritative verification evidence available",
manufacturer-alta-17t2w,Alta,,,,,,,,,UNVERIFIED_CANDIDATE,50,"Plausible name, but no authoritative verification evidence available",
manufacturer-amazfit-crom0c,Amazfit,,,,,,,,,UNVERIFIED_CANDIDATE,50,"Plausible name, but no authoritative verification evidence available",
manufacturer-amazon-whnj8k,Amazon,,,,,,,,,UNVERIFIED_CANDIDATE,50,"Plausible name, but no authoritative verification evidence available",
manufacturer-aoc-1e51,AOC,,,,,,,,,UNVERIFIED_CANDIDATE,50,"Plausible name, but no authoritative verification evidence available",
manufacturer-aopen-11rvnv,Aopen,,,,,,,,,UNVERIFIED_CANDIDATE,50,"Plausible name, but no authoritative verification evidence available",
manufacturer-apc-1eyc,Apc,,,,,,,,,UNVERIFIED_CANDIDATE,50,"Plausible name, but no authoritative verification evidence available",
manufacturer-aqara-11sutc,Aqara,,,,,,,,,UNVERIFIED_CANDIDATE,50,"Plausible name, but no authoritative verification evidence available",
manufacturer-arcade-wkf9dc,Arcade,,,,,,,,,UNVERIFIED_CANDIDATE,50,"Plausible name, but no authoritative verification evidence available",
manufacturer-arctic-wkfnks,Arctic,,,,,,,,,UNVERIFIED_CANDIDATE,50,"Plausible name, but no authoritative verification evidence available",
manufacturer-arktek-wkkrds,Arktek,,,,,,,,,UNVERIFIED_CANDIDATE,50,"Plausible name, but no authoritative verification evidence available",
manufacturer-armor-11tqn3,Armor,,,,,,,,,UNVERIFIED_CANDIDATE,50,"Plausible name, but no authoritative verification evidence available",
manufacturer-aruba-11tw8z,Aruba,,,,,,,,,UNVERIFIED_CANDIDATE,50,"Plausible name, but no authoritative verification evidence available",
manufacturer-arubauserexperienceinsightg-series-11ax-ethernet-cellsensor-b2cv0z,Arubauserexperienceinsightg-series.11ax+ethernet+cellsensor,,,,,,,,,JUNK_DATA,50,"Plausible name, but no authoritative verification evidence available",
manufacturer-arzopa-wku8qf,Arzopa,,,,,,,,,UNVERIFIED_CANDIDATE,50,"Plausible name, but no authoritative verification evidence available",
manufacturer-ashampoo-adim7m,Ashampoo,,,,,,,,,UNVERIFIED_CANDIDATE,50,"Plausible name, but no authoritative verification evidence available",
manufacturer-asistent-9mggel,Asistent,,,,,,,,,UNVERIFIED_CANDIDATE,50,"Plausible name, but no authoritative verification evidence available",
manufacturer-aten-17ynw,Aten,,,,,,,,,UNVERIFIED_CANDIDATE,50,"Plausible name, but no authoritative verification evidence available",
manufacturer-atrament-91bns0,Atrament,,,,,,,,,UNVERIFIED_CANDIDATE,50,"Plausible name, but no authoritative verification evidence available",
manufacturer-atx-1f2d,Atx,,,,,,,,,UNVERIFIED_CANDIDATE,50,"Plausible name, but no authoritative verification evidence available",
manufacturer-audio-bo-h7iqgm,Audio_bo,,,,,,,,,UNVERIFIED_CANDIDATE,50,"Plausible name, but no authoritative verification evidence available",
manufacturer-avacom-wml7it,Avacom,,,,,,,,,UNVERIFIED_CANDIDATE,50,"Plausible name, but no authoritative verification evidence available",
manufacturer-aveli-11w4kt,Aveli,,,,,,,,,UNVERIFIED_CANDIDATE,50,"Plausible name, but no authoritative verification evidence available",
manufacturer-avermedia-cynzhe,Avermedia,,,,,,,,,UNVERIFIED_CANDIDATE,50,"Plausible name, but no authoritative verification evidence available",
manufacturer-avg-1f3m,Avg,,,,,,,,,UNVERIFIED_CANDIDATE,50,"Plausible name, but no authoritative verification evidence available",
manufacturer-axagon-wnovoc,Axagon,,,,,,,,,UNVERIFIED_CANDIDATE,50,"Plausible name, but no authoritative verification evidence available",
manufacturer-babyliss-z4sjfx,Babyliss,,,,,,,,,UNVERIFIED_CANDIDATE,50,"Plausible name, but no authoritative verification evidence available",
manufacturer-barco-122rvj,Barco,,,,,,,,,UNVERIFIED_CANDIDATE,50,"Plausible name, but no authoritative verification evidence available",
manufacturer-baseus-wseoun,Baseus,,,,,,,,,UNVERIFIED_CANDIDATE,50,"Plausible name, but no authoritative verification evidence available",
manufacturer-bazar-cyberpower-9i5udd,Bazar_cyberpower,,,,,,,,,UNVERIFIED_CANDIDATE,50,"Plausible name, but no authoritative verification evidence available",
manufacturer-bestlife-vjt6v4,Bestlife,,,,,,,,,UNVERIFIED_CANDIDATE,50,"Plausible name, but no authoritative verification evidence available",
manufacturer-bigben-wwlb57,Bigben,,,,,,,,,UNVERIFIED_CANDIDATE,50,"Plausible name, but no authoritative verification evidence available",
manufacturer-bixolon-pwcs19,Bixolon,,,,,,,,,UNVERIFIED_CANDIDATE,50,"Plausible name, but no authoritative verification evidence available",
manufacturer-bmx-1fn1,Bmx,,,,,,,,,UNVERIFIED_CANDIDATE,50,"Plausible name, but no authoritative verification evidence available",
manufacturer-booklite-y8fak7,Booklite,,,,,,,,,UNVERIFIED_CANDIDATE,50,"Plausible name, but no authoritative verification evidence available",
manufacturer-braun-12dah6,Braun,,,,,,,,,UNVERIFIED_CANDIDATE,50,"Plausible name, but no authoritative verification evidence available",
manufacturer-brcd-18k41,Brcd,,,,,,,,,UNVERIFIED_CANDIDATE,50,"Plausible name, but no authoritative verification evidence available",
manufacturer-brinno-x1kzkm,Brinno,,,,,,,,,UNVERIFIED_CANDIDATE,50,"Plausible name, but no authoritative verification evidence available",
manufacturer-brita-12dgdi,Brita,,,,,,,,,UNVERIFIED_CANDIDATE,50,"Plausible name, but no authoritative verification evidence available",
manufacturer-brocade-u0lbz2,Brocade,,,,,,,,,UNVERIFIED_CANDIDATE,50,"Plausible name, but no authoritative verification evidence available",
manufacturer-brodit-x1olyo,Brodit,,,,,,,,,UNVERIFIED_CANDIDATE,50,"Plausible name, but no authoritative verification evidence available",
manufacturer-brother-u0wbz4,Brother,,,,,,,,,UNVERIFIED_CANDIDATE,50,"Plausible name, but no authoritative verification evidence available",
manufacturer-c-tech-wgvmxs,C-tech,,,,,,,,,UNVERIFIED_CANDIDATE,50,"Plausible name, but no authoritative verification evidence available",
manufacturer-canon-12mhsf,Canon,,,,,,,,,UNVERIFIED_CANDIDATE,50,"Plausible name, but no authoritative verification evidence available",
manufacturer-captivate-7god4z,Captivate,,,,,,,,,UNVERIFIED_CANDIDATE,50,"Plausible name, but no authoritative verification evidence available",
manufacturer-cardpresso-dm1m4k,Cardpresso,,,,,,,,,UNVERIFIED_CANDIDATE,50,"Plausible name, but no authoritative verification evidence available",
manufacturer-carneo-x9fujo,Carneo,,,,,,,,,UNVERIFIED_CANDIDATE,50,"Plausible name, but no authoritative verification evidence available",
manufacturer-casio-12mlcr,Casio,,,,,,,,,UNVERIFIED_CANDIDATE,50,"Plausible name, but no authoritative verification evidence available",
manufacturer-cherry-xd275l,Cherry,,,,,,,,,UNVERIFIED_CANDIDATE,50,"Plausible name, but no authoritative verification evidence available",
manufacturer-chieftec-seppzh,Chieftec,,,,,,,,,UNVERIFIED_CANDIDATE,50,"Plausible name, but no authoritative verification evidence available",
manufacturer-chipolo-v5mtve,Chipolo,,,,,,,,,UNVERIFIED_CANDIDATE,50,"Plausible name, but no authoritative verification evidence available",
manufacturer-chiq-18zu5,Chiq,,,,,,,,,UNVERIFIED_CANDIDATE,50,"Plausible name, but no authoritative verification evidence available",
manufacturer-chladiaca-mlnz4,Chladiaca,,,,,,,,,UNVERIFIED_CANDIDATE,50,"Plausible name, but no authoritative verification evidence available",
manufacturer-chladiaci-mlnyw,Chladiaci,,,,,,,,,UNVERIFIED_CANDIDATE,50,"Plausible name, but no authoritative verification evidence available",
manufacturer-cipherlab-j7j0ci,Cipherlab,,,,,,,,,UNVERIFIED_CANDIDATE,50,"Plausible name, but no authoritative verification evidence available",
manufacturer-citizen-uinpvc,Citizen,,,,,,,,,UNVERIFIED_CANDIDATE,50,"Plausible name, but no authoritative verification evidence available",
manufacturer-clictronic-oo2uoq,Clictronic,,,,,,,,,UNVERIFIED_CANDIDATE,50,"Plausible name, but no authoritative verification evidence available",
manufacturer-cloudx-xfftab,Cloudx,,,,,,,,,UNVERIFIED_CANDIDATE,50,"Plausible name, but no authoritative verification evidence available",
manufacturer-club3d-xfj7xj,Club3d,,,,,,,,,UNVERIFIED_CANDIDATE,50,"Plausible name, but no authoritative verification evidence available",
manufacturer-cohesity-bdjxr0,Cohesity,,,,,,,,,UNVERIFIED_CANDIDATE,50,"Plausible name, but no authoritative verification evidence available",
manufacturer-colormetrics-sgeko0,Colormetrics,,,,,,,,,UNVERIFIED_CANDIDATE,50,"Plausible name, but no authoritative verification evidence available",
manufacturer-commvault-8o4ubq,Commvault,,,,,,,,,UNVERIFIED_CANDIDATE,50,"Plausible name, but no authoritative verification evidence available",
manufacturer-corel-12vibx,Corel,,,,,,,,,UNVERIFIED_CANDIDATE,50,"Plausible name, but no authoritative verification evidence available",
manufacturer-coreparts-75cept,Coreparts,,,,,,,,,UNVERIFIED_CANDIDATE,50,"Plausible name, but no authoritative verification evidence available",
manufacturer-corometrics-cp9x3u,Corometrics,,,,,,,,,UNVERIFIED_CANDIDATE,50,"Plausible name, but no authoritative verification evidence available",
manufacturer-cosori-xh5mvz,Cosori,,,,,,,,,UNVERIFIED_CANDIDATE,50,"Plausible name, but no authoritative verification evidence available",
manufacturer-coteci-xh623n,Coteci,,,,,,,,,UNVERIFIED_CANDIDATE,50,"Plausible name, but no authoritative verification evidence available",
manufacturer-creative-v6bidr,Creative,,,,,,,,,UNVERIFIED_CANDIDATE,50,"Plausible name, but no authoritative verification evidence available",
manufacturer-csb-1gia,Csb,,,,,,,,,UNVERIFIED_CANDIDATE,50,"Plausible name, but no authoritative verification evidence available",
manufacturer-cubetto-p437uu,Cubetto,,,,,,,,,UNVERIFIED_CANDIDATE,50,"Plausible name, but no authoritative verification evidence available",
manufacturer-cvlt-19aaj,Cvlt,,,,,,,,,UNVERIFIED_CANDIDATE,50,"Plausible name, but no authoritative verification evidence available",
manufacturer-cyberpower-uxrlv0,Cyberpower,,,,,,,,,UNVERIFIED_CANDIDATE,50,"Plausible name, but no authoritative verification evidence available",
manufacturer-d-link-wx7t37,D-Link,,,,,,,,,UNVERIFIED_CANDIDATE,50,"Plausible name, but no authoritative verification evidence available",
manufacturer-dahua-13662f,Dahua,,,,,,,,,UNVERIFIED_CANDIDATE,50,"Plausible name, but no authoritative verification evidence available",
manufacturer-datalgic-uo2hsv,Datalgic,,,,,,,,,UNVERIFIED_CANDIDATE,50,"Plausible name, but no authoritative verification evidence available",
manufacturer-datalogic-rbtot0,Datalogic,,,,,,,,,UNVERIFIED_CANDIDATE,50,"Plausible name, but no authoritative verification evidence available",
manufacturer-delkin-xskr9h,Delkin,,,,,,,,,UNVERIFIED_CANDIDATE,50,"Plausible name, but no authoritative verification evidence available",
manufacturer-dell-cal-epzy40,Dell_cal,,,,,,,,,JUNK_DATA,50,"Plausible name, but no authoritative verification evidence available",
manufacturer-dell-downgrade-kit-ms-ws2025-fndg6z,Dell_downgrade_kit_ms_ws2025,,,,,,,,,JUNK_DATA,50,"Plausible name, but no authoritative verification evidence available",
manufacturer-dell-rok-add-microsoft-ws-datacenter-2025-5b7hgc,Dell_rok_add_microsoft_ws_datacenter_2025,,,,,,,,,JUNK_DATA,50,"Plausible name, but no authoritative verification evidence available",
manufacturer-dell-rok-add-microsoft-ws-standard-2025-add-b8kxxc,Dell_rok_add_microsoft_ws_standard_2025_add,,,,,,,,,JUNK_DATA,50,"Plausible name, but no authoritative verification evidence available",
manufacturer-dell-rok-microsoft-windows-9u10rn,Dell_rok_microsoft_windows,,,,,,,,,JUNK_DATA,50,"Plausible name, but no authoritative verification evidence available",
manufacturer-dell-rok-microsoft-windows-server-bfmko1,Dell_rok_microsoft_windows_server,,,,,,,,,JUNK_DATA,50,"Plausible name, but no authoritative verification evidence available",
manufacturer-dell-rok-microsoft-windows-server-datacenter-2025-16-cb7sn7,Dell_rok_microsoft_windows_server_datacenter_2025_16,,,,,,,,,JUNK_DATA,50,"Plausible name, but no authoritative verification evidence available",
manufacturer-desq-19ku7,Desq,,,,,,,,,UNVERIFIED_CANDIDATE,50,"Plausible name, but no authoritative verification evidence available",
manufacturer-detektor-ieqdwe,Detektor,,,,,,,,,JUNK_DATA,50,"Plausible name, but no authoritative verification evidence available",
manufacturer-dicota-xum9z2,Dicota,,,,,,,,,UNVERIFIED_CANDIDATE,50,"Plausible name, but no authoritative verification evidence available",
manufacturer-dicotasmart-gjuxrp,Dicotasmart,,,,,,,,,UNVERIFIED_CANDIDATE,50,"Plausible name, but no authoritative verification evidence available",
manufacturer-digitus-g1evf9,Digitus,,,,,,,,,UNVERIFIED_CANDIDATE,50,"Plausible name, but no authoritative verification evidence available",
manufacturer-dodge-13f0l3,Dodge,,,,,,,,,UNVERIFIED_CANDIDATE,50,"Plausible name, but no authoritative verification evidence available",
manufacturer-dokovacia-lef6f5,Dokovacia,,,,,,,,,JUNK_DATA,50,"Plausible name, but no authoritative verification evidence available",
manufacturer-dokovacie-lef6f9,Dokovacie,,,,,,,,,JUNK_DATA,50,"Plausible name, but no authoritative verification evidence available",
manufacturer-dreame-xzleqq,Dreame,,,,,,,,,UNVERIFIED_CANDIDATE,50,"Plausible name, but no authoritative verification evidence available",
manufacturer-duracell-vvt4ou,Duracell,,,,,,,,,UNVERIFIED_CANDIDATE,50,"Plausible name, but no authoritative verification evidence available",
manufacturer-dvierka-9usssm,Dvierka,,,,,,,,,JUNK_DATA,50,"Plausible name, but no authoritative verification evidence available",
manufacturer-dvojice-9rf15u,Dvojice,,,,,,,,,JUNK_DATA,50,"Plausible name, but no authoritative verification evidence available",
manufacturer-dyson-13lprx,Dyson,,,,,,,,,UNVERIFIED_CANDIDATE,50,"Plausible name, but no authoritative verification evidence available",
manufacturer-e-t-a-12syio,E-t-a,,,,,,,,,UNVERIFIED_CANDIDATE,50,"Plausible name, but no authoritative verification evidence available",
manufacturer-earfun-y7ixs9,Earfun,,,,,,,,,UNVERIFIED_CANDIDATE,50,"Plausible name, but no authoritative verification evidence available",
manufacturer-eaton-13q7fb,Eaton,,,,,,,,,UNVERIFIED_CANDIDATE,50,"Plausible name, but no authoritative verification evidence available",
manufacturer-ecoflow-42y1up,Ecoflow,,,,,,,,,UNVERIFIED_CANDIDATE,50,"Plausible name, but no authoritative verification evidence available",
manufacturer-edbak-13rqp9,Edbak,,,,,,,,,UNVERIFIED_CANDIDATE,50,"Plausible name, but no authoritative verification evidence available",
manufacturer-edifier-3p79hi,Edifier,,,,,,,,,UNVERIFIED_CANDIDATE,50,"Plausible name, but no authoritative verification evidence available",
manufacturer-eizo-19mft,EIZO,,,,,,,,,UNVERIFIED_CANDIDATE,50,"Plausible name, but no authoritative verification evidence available",
manufacturer-elatec-yda3iw,Elatec,,,,,,,,,UNVERIFIED_CANDIDATE,50,"Plausible name, but no authoritative verification evidence available",
manufacturer-eleeels-xtid,Eleeels,,,,,,,,,UNVERIFIED_CANDIDATE,50,"Plausible name, but no authoritative verification evidence available",
manufacturer-elo-1hu0,Elo,,,,,,,,,UNVERIFIED_CANDIDATE,50,"Plausible name, but no authoritative verification evidence available",
manufacturer-elopos-ydiymk,Elopos,,,,,,,,,UNVERIFIED_CANDIDATE,50,"Plausible name, but no authoritative verification evidence available",
manufacturer-eltrinex-840nml,Eltrinex,,,,,,,,,UNVERIFIED_CANDIDATE,50,"Plausible name, but no authoritative verification evidence available",
manufacturer-enabot-yedbm7,Enabot,,,,,,,,,UNVERIFIED_CANDIDATE,50,"Plausible name, but no authoritative verification evidence available",
manufacturer-endorfy-ynx2p,Endorfy,,,,,,,,,UNVERIFIED_CANDIDATE,50,"Plausible name, but no authoritative verification evidence available",
manufacturer-energizer-hvkmbz,Energizer,,,,,,,,,UNVERIFIED_CANDIDATE,50,"Plausible name, but no authoritative verification evidence available",
manufacturer-enlogic-1321px,Enlogic,,,,,,,,,UNVERIFIED_CANDIDATE,50,"Plausible name, but no authoritative verification evidence available",
manufacturer-epos-1afvz,Epos,,,,,,,,,UNVERIFIED_CANDIDATE,50,"Plausible name, but no authoritative verification evidence available",
manufacturer-eqiva-14077s,Eqiva,,,,,,,,,UNVERIFIED_CANDIDATE,50,"Plausible name, but no authoritative verification evidence available",
manufacturer-eques-140fpz,Eques,,,,,,,,,UNVERIFIED_CANDIDATE,50,"Plausible name, but no authoritative verification evidence available",
manufacturer-ergosolid-j876mu,Ergosolid,,,,,,,,,UNVERIFIED_CANDIDATE,50,"Plausible name, but no authoritative verification evidence available",
manufacturer-eset-19tct,ESET,,,,,,,,,UNVERIFIED_CANDIDATE,50,"Plausible name, but no authoritative verification evidence available",
manufacturer-eurocase-2uhm4j,Eurocase,,,,,,,,,UNVERIFIED_CANDIDATE,50,"Plausible name, but no authoritative verification evidence available",
manufacturer-evercade-5pyye5,Evercade,,,,,,,,,UNVERIFIED_CANDIDATE,50,"Plausible name, but no authoritative verification evidence available",
manufacturer-evolis-yj0tg8,Evolis,,,,,,,,,UNVERIFIED_CANDIDATE,50,"Plausible name, but no authoritative verification evidence available",
manufacturer-evolveo-4x0sqa,Evolveo,,,,,,,,,UNVERIFIED_CANDIDATE,50,"Plausible name, but no authoritative verification evidence available",
manufacturer-faitron-9kbaa3,Faitron,,,,,,,,,UNVERIFIED_CANDIDATE,50,"Plausible name, but no authoritative verification evidence available",
manufacturer-farming-9p4s0c,Farming,,,,,,,,,UNVERIFIED_CANDIDATE,50,"Plausible name, but no authoritative verification evidence available",
manufacturer-feelworld-a3x764,Feelworld,,,,,,,,,UNVERIFIED_CANDIDATE,50,"Plausible name, but no authoritative verification evidence available",
manufacturer-fellowes-1cfgz9,Fellowes,,,,,,,,,UNVERIFIED_CANDIDATE,50,"Plausible name, but no authoritative verification evidence available",
manufacturer-fireangel-sfovaj,Fireangel,,,,,,,,,UNVERIFIED_CANDIDATE,50,"Plausible name, but no authoritative verification evidence available",
manufacturer-fortron-gbw552,Fortron,,,,,,,,,UNVERIFIED_CANDIDATE,50,"Plausible name, but no authoritative verification evidence available",
manufacturer-fotokonektor-hgc9x1,Fotokonektor,,,,,,,,,UNVERIFIED_CANDIDATE,50,"Plausible name, but no authoritative verification evidence available",
manufacturer-fotopapier-9wta11,Fotopapier,,,,,,,,,JUNK_DATA,50,"Plausible name, but no authoritative verification evidence available",
manufacturer-fractal-hhdolt,Fractal,,,,,,,,,UNVERIFIED_CANDIDATE,50,"Plausible name, but no authoritative verification evidence available",
manufacturer-freaks-yxonhs,Freaks,,,,,,,,,UNVERIFIED_CANDIDATE,50,"Plausible name, but no authoritative verification evidence available",
manufacturer-freewell-ocs692,Freewell,,,,,,,,,UNVERIFIED_CANDIDATE,50,"Plausible name, but no authoritative verification evidence available",
manufacturer-fs-1rh,Fs,,,,,,,,,UNVERIFIED_CANDIDATE,50,"Plausible name, but no authoritative verification evidence available",
manufacturer-fujinon-j1kexr,Fujinon,,,,,,,,,UNVERIFIED_CANDIDATE,50,"Plausible name, but no authoritative verification evidence available",
manufacturer-garett-z5m5t9,Garett,,,,,,,,,UNVERIFIED_CANDIDATE,50,"Plausible name, but no authoritative verification evidence available",
manufacturer-garni-14tr3n,Garni,,,,,,,,,UNVERIFIED_CANDIDATE,50,"Plausible name, but no authoritative verification evidence available",
manufacturer-gembird-q6rk2w,Gembird,,,,,,,,,UNVERIFIED_CANDIDATE,50,"Plausible name, but no authoritative verification evidence available",
manufacturer-gigabyte-fb0xgk,Gigabyte,,,,,,,,,UNVERIFIED_CANDIDATE,50,"Plausible name, but no authoritative verification evidence available",
manufacturer-gigaset-rzmu86,Gigaset,,,,,,,,,UNVERIFIED_CANDIDATE,50,"Plausible name, but no authoritative verification evidence available",
manufacturer-goobay-zd9ahf,Goobay,,,,,,,,,UNVERIFIED_CANDIDATE,50,"Plausible name, but no authoritative verification evidence available",
manufacturer-goodram-uyctgh,Goodram,,,,,,,,,UNVERIFIED_CANDIDATE,50,"Plausible name, but no authoritative verification evidence available",
manufacturer-gopro-152nj9,Gopro,,,,,,,,,UNVERIFIED_CANDIDATE,50,"Plausible name, but no authoritative verification evidence available",
manufacturer-govee-152rny,Govee,,,,,,,,,UNVERIFIED_CANDIDATE,50,"Plausible name, but no authoritative verification evidence available",
manufacturer-grandstream-ouu7ho,Grandstream,,,,,,,,,UNVERIFIED_CANDIDATE,50,"Plausible name, but no authoritative verification evidence available",
manufacturer-hama-1c1nx,Hama,,,,,,,,,UNVERIFIED_CANDIDATE,50,"Plausible name, but no authoritative verification evidence available",
manufacturer-hewlett-u09yrx,Hewlett,,,,,,,,,UNVERIFIED_CANDIDATE,50,"Plausible name, but no authoritative verification evidence available",
manufacturer-hhp-1jyo,Hhp,,,,,,,,,UNVERIFIED_CANDIDATE,50,"Plausible name, but no authoritative verification evidence available",
manufacturer-hid-1jz7,Hid,,,,,,,,,UNVERIFIED_CANDIDATE,50,"Plausible name, but no authoritative verification evidence available",
manufacturer-hidratespark-kem0hy,Hidratespark,,,,,,,,,UNVERIFIED_CANDIDATE,50,"Plausible name, but no authoritative verification evidence available",
manufacturer-hiksemi-sakjl4,Hiksemi,,,,,,,,,UNVERIFIED_CANDIDATE,50,"Plausible name, but no authoritative verification evidence available",
manufacturer-hikvision-g5647m,Hikvision,,,,,,,,,UNVERIFIED_CANDIDATE,50,"Plausible name, but no authoritative verification evidence available",
manufacturer-hmd-1k2n,Hmd,,,,,,,,,UNVERIFIED_CANDIDATE,50,"Plausible name, but no authoritative verification evidence available",
manufacturer-hodiny-z700g9,Hodiny,,,,,,,,,JUNK_DATA,50,"Plausible name, but no authoritative verification evidence available",
manufacturer-hohem-15m9vt,Hohem,,,,,,,,,UNVERIFIED_CANDIDATE,50,"Plausible name, but no authoritative verification evidence available",
manufacturer-hollyland-dtt2g3,Hollyland,,,,,,,,,UNVERIFIED_CANDIDATE,50,"Plausible name, but no authoritative verification evidence available",
manufacturer-homematic-2niazp,Homematic,,,,,,,,,UNVERIFIED_CANDIDATE,50,"Plausible name, but no authoritative verification evidence available",
manufacturer-honeywell-c7v90p,Honeywell,,,,,,,,,UNVERIFIED_CANDIDATE,50,"Plausible name, but no authoritative verification evidence available",
manufacturer-hpe-1jct,HPE,,,,,,,,,UNVERIFIED_CANDIDATE,50,"Plausible name, but no authoritative verification evidence available",
manufacturer-hpesmart-456v1o,Hpesmart,,,,,,,,,UNVERIFIED_CANDIDATE,50,"Plausible name, but no authoritative verification evidence available",
manufacturer-hpm-1k5h,Hpm,,,,,,,,,UNVERIFIED_CANDIDATE,50,"Plausible name, but no authoritative verification evidence available",
manufacturer-hpw-1k5r,Hpw,,,,,,,,,UNVERIFIED_CANDIDATE,50,"Plausible name, but no authoritative verification evidence available",
manufacturer-hsm-1k82,Hsm,,,,,,,,,UNVERIFIED_CANDIDATE,50,"Plausible name, but no authoritative verification evidence available",
manufacturer-hyperkin-tkkqk,Hyperkin,,,,,,,,,UNVERIFIED_CANDIDATE,50,"Plausible name, but no authoritative verification evidence available",
manufacturer-i-tec-15068e,I-tec,,,,,,,,,UNVERIFIED_CANDIDATE,50,"Plausible name, but no authoritative verification evidence available",
manufacturer-ibm-1kk4,Ibm,,,,,,,,,UNVERIFIED_CANDIDATE,50,"Plausible name, but no authoritative verification evidence available",
manufacturer-identive-16cans,Identive,,,,,,,,,UNVERIFIED_CANDIDATE,50,"Plausible name, but no authoritative verification evidence available",
manufacturer-iget-1csx9,Iget,,,,,,,,,UNVERIFIED_CANDIDATE,50,"Plausible name, but no authoritative verification evidence available",
manufacturer-ihealth-e6tzq3,Ihealth,,,,,,,,,UNVERIFIED_CANDIDATE,50,"Plausible name, but no authoritative verification evidence available",
manufacturer-iiyam-162l2d,Iiyam,,,,,,,,,UNVERIFIED_CANDIDATE,50,"Plausible name, but no authoritative verification evidence available",
manufacturer-iiyama-jng090,iiyama,,,,,,,,,UNVERIFIED_CANDIDATE,50,"Plausible name, but no authoritative verification evidence available",
manufacturer-injektor-5rivd8,Injektor,,,,,,,,,UNVERIFIED_CANDIDATE,50,"Plausible name, but no authoritative verification evidence available",
manufacturer-intellinet-3sazuy,Intellinet,,,,,,,,,UNVERIFIED_CANDIDATE,50,"Plausible name, but no authoritative verification evidence available",
manufacturer-invoxia-b2yktq,Invoxia,,,,,,,,,UNVERIFIED_CANDIDATE,50,"Plausible name, but no authoritative verification evidence available",
manufacturer-itec-1d2jt,Itec,,,,,,,,,UNVERIFIED_CANDIDATE,50,"Plausible name, but no authoritative verification evidence available",
manufacturer-jednodielny-sks5i7,Jednodielny,,,,,,,,,JUNK_DATA,50,"Plausible name, but no authoritative verification evidence available",
manufacturer-joy-con-42y50p,Joy-con,,,,,,,,,UNVERIFIED_CANDIDATE,50,"Plausible name, but no authoritative verification evidence available",
manufacturer-kaabo-170kl4,Kaabo,,,,,,,,,UNVERIFIED_CANDIDATE,50,"Plausible name, but no authoritative verification evidence available",
manufacturer-karcher-c1tqby,Karcher,,,,,,,,,UNVERIFIED_CANDIDATE,50,"Plausible name, but no authoritative verification evidence available",
manufacturer-kidde-175qqv,Kidde,,,,,,,,,UNVERIFIED_CANDIDATE,50,"Plausible name, but no authoritative verification evidence available",
manufacturer-kingston-81seyx,Kingston,,,,,,,,,UNVERIFIED_CANDIDATE,50,"Plausible name, but no authoritative verification evidence available",
manufacturer-kioxia-xuykzl,Kioxia,,,,,,,,,UNVERIFIED_CANDIDATE,50,"Plausible name, but no authoritative verification evidence available",
manufacturer-klein-177okp,Klein,,,,,,,,,UNVERIFIED_CANDIDATE,50,"Plausible name, but no authoritative verification evidence available",
manufacturer-komshine-8otw2q,Komshine,,,,,,,,,UNVERIFIED_CANDIDATE,50,"Plausible name, but no authoritative verification evidence available",
manufacturer-konix-179s7t,Konix,,,,,,,,,UNVERIFIED_CANDIDATE,50,"Plausible name, but no authoritative verification evidence available",
manufacturer-konnoc-xronoo,Konnoc,,,,,,,,,UNVERIFIED_CANDIDATE,50,"Plausible name, but no authoritative verification evidence available",
manufacturer-konvertor-1bc1q6,Konvertor,,,,,,,,,JUNK_DATA,50,"Plausible name, but no authoritative verification evidence available",
manufacturer-krimpovacie-pdlq2y,Krimpovacie,,,,,,,,,UNVERIFIED_CANDIDATE,50,"Plausible name, but no authoritative verification evidence available",
manufacturer-kroll-17bpzc,Kroll,,,,,,,,,UNVERIFIED_CANDIDATE,50,"Plausible name, but no authoritative verification evidence available",
manufacturer-kw-trio-lf6ocl,Kw-trio,,,,,,,,,UNVERIFIED_CANDIDATE,50,"Plausible name, but no authoritative verification evidence available",
manufacturer-lamax-17km27,Lamax,,,,,,,,,UNVERIFIED_CANDIDATE,50,"Plausible name, but no authoritative verification evidence available",
manufacturer-langie-xicaxi,Langie,,,,,,,,,UNVERIFIED_CANDIDATE,50,"Plausible name, but no authoritative verification evidence available",
manufacturer-lark-1elqm,Lark,,,,,,,,,UNVERIFIED_CANDIDATE,50,"Plausible name, but no authoritative verification evidence available",
manufacturer-lauben-xi7xth,Lauben,,,,,,,,,UNVERIFIED_CANDIDATE,50,"Plausible name, but no authoritative verification evidence available",
manufacturer-ledlenser-swa11y,Ledlenser,,,,,,,,,UNVERIFIED_CANDIDATE,50,"Plausible name, but no authoritative verification evidence available",
manufacturer-levoit-xfzupv,Levoit,,,,,,,,,UNVERIFIED_CANDIDATE,50,"Plausible name, but no authoritative verification evidence available",
manufacturer-lexar-17ne5s,Lexar,,,,,,,,,UNVERIFIED_CANDIDATE,50,"Plausible name, but no authoritative verification evidence available",
manufacturer-lexi-net-x7g3fq,Lexi-net,,,,,,,,,UNVERIFIED_CANDIDATE,50,"Plausible name, but no authoritative verification evidence available",
manufacturer-lexmak-xfymfc,Lexmak,,,,,,,,,UNVERIFIED_CANDIDATE,50,"Plausible name, but no authoritative verification evidence available",
manufacturer-lexmark-spvioc,Lexmark,,,,,,,,,UNVERIFIED_CANDIDATE,50,"Plausible name, but no authoritative verification evidence available",
manufacturer-lexus-17nen1,Lexus,,,,,,,,,UNVERIFIED_CANDIDATE,50,"Plausible name, but no authoritative verification evidence available",
manufacturer-livington-j32gba,Livington,,,,,,,,,UNVERIFIED_CANDIDATE,50,"Plausible name, but no authoritative verification evidence available",
manufacturer-logitech-yiw9gb,Logitech,,,,,,,,,UNVERIFIED_CANDIDATE,50,"Plausible name, but no authoritative verification evidence available",
manufacturer-lynx-1f3g7,Lynx,,,,,,,,,UNVERIFIED_CANDIDATE,50,"Plausible name, but no authoritative verification evidence available",
manufacturer-macbook-tur5ns,Macbook,,,,,,,,,UNVERIFIED_CANDIDATE,50,"Plausible name, but no authoritative verification evidence available",
manufacturer-manhattan-sjd4v4,Manhattan,,,,,,,,,UNVERIFIED_CANDIDATE,50,"Plausible name, but no authoritative verification evidence available",
manufacturer-marimex-tmdtkb,Marimex,,,,,,,,,UNVERIFIED_CANDIDATE,50,"Plausible name, but no authoritative verification evidence available",
manufacturer-mario-184ijo,Mario,,,,,,,,,UNVERIFIED_CANDIDATE,50,"Plausible name, but no authoritative verification evidence available",
manufacturer-marshall-59yx0u,Marshall,,,,,,,,,UNVERIFIED_CANDIDATE,50,"Plausible name, but no authoritative verification evidence available",
manufacturer-marvell-tm5oib,Marvell,,,,,,,,,UNVERIFIED_CANDIDATE,50,"Plausible name, but no authoritative verification evidence available",
manufacturer-maxcom-x14dhf,Maxcom,,,,,,,,,UNVERIFIED_CANDIDATE,50,"Plausible name, but no authoritative verification evidence available",
manufacturer-maxlink-tj17sy,Maxlink,,,,,,,,,UNVERIFIED_CANDIDATE,50,"Plausible name, but no authoritative verification evidence available",
manufacturer-medieval-dtq55z,Medieval,,,,,,,,,UNVERIFIED_CANDIDATE,50,"Plausible name, but no authoritative verification evidence available",
manufacturer-mellanox-9zshrm,Mellanox,,,,,,,,,UNVERIFIED_CANDIDATE,50,"Plausible name, but no authoritative verification evidence available",
manufacturer-mercusys-7a4127,Mercusys,,,,,,,,,UNVERIFIED_CANDIDATE,50,"Plausible name, but no authoritative verification evidence available",
manufacturer-metapace-6d7ya0,Metapace,,,,,,,,,UNVERIFIED_CANDIDATE,50,"Plausible name, but no authoritative verification evidence available",
manufacturer-metz-1fbr2,Metz,,,,,,,,,UNVERIFIED_CANDIDATE,50,"Plausible name, but no authoritative verification evidence available",
manufacturer-microchip-vkpzow,Microchip,,,,,,,,,UNVERIFIED_CANDIDATE,50,"Plausible name, but no authoritative verification evidence available",
manufacturer-microsoft-vl0clq,Microsoft,,,,,,,,,UNVERIFIED_CANDIDATE,50,"Plausible name, but no authoritative verification evidence available",
manufacturer-mikrokiosk-20vpod,Mikrokiosk,,,,,,,,,UNVERIFIED_CANDIDATE,50,"Plausible name, but no authoritative verification evidence available",
manufacturer-mimoriadne-h0tqy7,Mimoriadne,,,,,,,,,UNVERIFIED_CANDIDATE,50,"Plausible name, but no authoritative verification evidence available",
manufacturer-mio-1noz,Mio,,,,,,,,,UNVERIFIED_CANDIDATE,50,"Plausible name, but no authoritative verification evidence available",
manufacturer-mlx-1nrt,Mlx,,,,,,,,,UNVERIFIED_CANDIDATE,50,"Plausible name, but no authoritative verification evidence available",
manufacturer-mobilis-n8ju6r,Mobilis,,,,,,,,,UNVERIFIED_CANDIDATE,50,"Plausible name, but no authoritative verification evidence available",
manufacturer-nacon-18o05r,Nacon,,,,,,,,,UNVERIFIED_CANDIDATE,50,"Plausible name, but no authoritative verification evidence available",
manufacturer-nanlite-f04vdj,Nanlite,,,,,,,,,UNVERIFIED_CANDIDATE,50,"Plausible name, but no authoritative verification evidence available",
manufacturer-newland-cz0ej9,Newland,,,,,,,,,UNVERIFIED_CANDIDATE,50,"Plausible name, but no authoritative verification evidence available",
manufacturer-nextbase-oms678,Nextbase,,,,,,,,,UNVERIFIED_CANDIDATE,50,"Plausible name, but no authoritative verification evidence available",
manufacturer-niimbot-baidi0,Niimbot,,,,,,,,,UNVERIFIED_CANDIDATE,50,"Plausible name, but no authoritative verification evidence available",
manufacturer-nintendo-7kv7f9,Nintendo,,,,,,,,,UNVERIFIED_CANDIDATE,50,"Plausible name, but no authoritative verification evidence available",
manufacturer-nisi-1g1o1,Nisi,,,,,,,,,UNVERIFIED_CANDIDATE,50,"Plausible name, but no authoritative verification evidence available",
manufacturer-noctua-wcqorm,Noctua,,,,,,,,,UNVERIFIED_CANDIDATE,50,"Plausible name, but no authoritative verification evidence available",
manufacturer-oki-1p7x,Oki,,,,,,,,,UNVERIFIED_CANDIDATE,50,"Plausible name, but no authoritative verification evidence available",
manufacturer-olynx-19f9wm,Olynx,,,,,,,,,UNVERIFIED_CANDIDATE,50,"Plausible name, but no authoritative verification evidence available",
manufacturer-omnikey-5cqzra,Omnikey,,,,,,,,,UNVERIFIED_CANDIDATE,50,"Plausible name, but no authoritative verification evidence available",
manufacturer-ondilo-vw8gc9,Ondilo,,,,,,,,,UNVERIFIED_CANDIDATE,50,"Plausible name, but no authoritative verification evidence available",
manufacturer-opierka-6p2hcb,Opierka,,,,,,,,,JUNK_DATA,50,"Plausible name, but no authoritative verification evidence available",
manufacturer-opticon-6v6gss,Opticon,,,,,,,,,UNVERIFIED_CANDIDATE,50,"Plausible name, but no authoritative verification evidence available",
manufacturer-optoma-vuuiwg,Optoma,,,,,,,,,UNVERIFIED_CANDIDATE,50,"Plausible name, but no authoritative verification evidence available",
manufacturer-oral-b-vu367x,Oral-b,,,,,,,,,UNVERIFIED_CANDIDATE,50,"Plausible name, but no authoritative verification evidence available",
manufacturer-orava-19im7d,Orava,,,,,,,,,UNVERIFIED_CANDIDATE,50,"Plausible name, but no authoritative verification evidence available",
manufacturer-ozobot-vpg1h9,Ozobot,,,,,,,,,UNVERIFIED_CANDIDATE,50,"Plausible name, but no authoritative verification evidence available",
manufacturer-parallels-5kstlg,Parallels,,,,,,,,,UNVERIFIED_CANDIDATE,50,"Plausible name, but no authoritative verification evidence available",
manufacturer-particleshop-srfomc,Particleshop,,,,,,,,,UNVERIFIED_CANDIDATE,50,"Plausible name, but no authoritative verification evidence available",
manufacturer-pdf-tools-mbnfhc,Pdf-tools,,,,,,,,,UNVERIFIED_CANDIDATE,50,"Plausible name, but no authoritative verification evidence available",
manufacturer-pdf-xchange-gfoatv,Pdf-xchange,,,,,,,,,UNVERIFIED_CANDIDATE,50,"Plausible name, but no authoritative verification evidence available",
manufacturer-pensando-6hwo42,Pensando,,,,,,,,,UNVERIFIED_CANDIDATE,50,"Plausible name, but no authoritative verification evidence available",
manufacturer-philips-hl82s1,Philips,,,,,,,,,UNVERIFIED_CANDIDATE,50,"Plausible name, but no authoritative verification evidence available",
manufacturer-pixio-19x4o5,Pixio,,,,,,,,,UNVERIFIED_CANDIDATE,50,"Plausible name, but no authoritative verification evidence available",
manufacturer-plaud-19ykus,Plaud,,,,,,,,,UNVERIFIED_CANDIDATE,50,"Plausible name, but no authoritative verification evidence available",
manufacturer-pny-1q1n,Pny,,,,,,,,,UNVERIFIED_CANDIDATE,50,"Plausible name, but no authoritative verification evidence available",
manufacturer-pocketbook-rse99d,Pocketbook,,,,,,,,,UNVERIFIED_CANDIDATE,50,"Plausible name, but no authoritative verification evidence available",
manufacturer-podstavec-bzxgdj,Podstavec,,,,,,,,,JUNK_DATA,50,"Plausible name, but no authoritative verification evidence available",
manufacturer-pokemon-kximr7,Pokemon,,,,,,,,,UNVERIFIED_CANDIDATE,50,"Plausible name, but no authoritative verification evidence available",
manufacturer-polaroid-9zyqjw,Polaroid,,,,,,,,,UNVERIFIED_CANDIDATE,50,"Plausible name, but no authoritative verification evidence available",
manufacturer-powerup-l449q8,Powerup,,,,,,,,,UNVERIFIED_CANDIDATE,50,"Plausible name, but no authoritative verification evidence available",
manufacturer-premiumcord-wo3yiz,PremiumCord,,,,,,,,,UNVERIFIED_CANDIDATE,50,"Plausible name, but no authoritative verification evidence available",
manufacturer-printronix-zh7pv1,Printronix,,,,,,,,,UNVERIFIED_CANDIDATE,50,"Plausible name, but no authoritative verification evidence available",
manufacturer-printserver-y1byeo,Printserver,,,,,,,,,UNVERIFIED_CANDIDATE,50,"Plausible name, but no authoritative verification evidence available",
manufacturer-pro-1q4t,Pro,,,,,,,,,UNVERIFIED_CANDIDATE,50,"Plausible name, but no authoritative verification evidence available",
manufacturer-prodesk-metvhi,Prodesk,,,,,,,,,UNVERIFIED_CANDIDATE,50,"Plausible name, but no authoritative verification evidence available",
manufacturer-projekt-mexp81,Projekt,,,,,,,,,UNVERIFIED_CANDIDATE,50,"Plausible name, but no authoritative verification evidence available",
manufacturer-prolite-mez2d7,Prolite,,,,,,,,,UNVERIFIED_CANDIDATE,50,"Plausible name, but no authoritative verification evidence available",
manufacturer-promag-vcsk0q,Promag,,,,,,,,,UNVERIFIED_CANDIDATE,50,"Plausible name, but no authoritative verification evidence available",
manufacturer-qf2-1qjh,Qf2,,,,,,,,,UNVERIFIED_CANDIDATE,50,"Plausible name, but no authoritative verification evidence available",
manufacturer-qstar-1an7z7,Qstar,,,,,,,,,UNVERIFIED_CANDIDATE,50,"Plausible name, but no authoritative verification evidence available",
manufacturer-quadcast-kcdihm,Quadcast,,,,,,,,,UNVERIFIED_CANDIDATE,50,"Plausible name, but no authoritative verification evidence available",
manufacturer-qumulo-uu4nm9,Qumulo,,,,,,,,,UNVERIFIED_CANDIDATE,50,"Plausible name, but no authoritative verification evidence available",
manufacturer-rapoo-1avg69,Rapoo,,,,,,,,,UNVERIFIED_CANDIDATE,50,"Plausible name, but no authoritative verification evidence available",
manufacturer-realme-um3l7u,Realme,,,,,,,,,UNVERIFIED_CANDIDATE,50,"Plausible name, but no authoritative verification evidence available",
manufacturer-redmi-1axr65,Redmi,,,,,,,,,UNVERIFIED_CANDIDATE,50,"Plausible name, but no authoritative verification evidence available",
manufacturer-redukce-pktguv,Redukce,,,,,,,,,JUNK_DATA,50,"Plausible name, but no authoritative verification evidence available",
manufacturer-redukcia-bl4woc,Redukcia,,,,,,,,,JUNK_DATA,50,"Plausible name, but no authoritative verification evidence available",
manufacturer-reflecta-as3mvw,Reflecta,,,,,,,,,UNVERIFIED_CANDIDATE,50,"Plausible name, but no authoritative verification evidence available",
manufacturer-remienok-7iffv0,Remienok,,,,,,,,,JUNK_DATA,50,"Plausible name, but no authoritative verification evidence available",
manufacturer-reolink-pexife,Reolink,,,,,,,,,UNVERIFIED_CANDIDATE,50,"Plausible name, but no authoritative verification evidence available",
manufacturer-revirt-ulq8l4,Revirt,,,,,,,,,UNVERIFIED_CANDIDATE,50,"Plausible name, but no authoritative verification evidence available",
manufacturer-reyee-1ay6jq,Reyee,,,,,,,,,UNVERIFIED_CANDIDATE,50,"Plausible name, but no authoritative verification evidence available",
manufacturer-rhinotech-ai5gtm,Rhinotech,,,,,,,,,UNVERIFIED_CANDIDATE,50,"Plausible name, but no authoritative verification evidence available",
manufacturer-riadiaca-pl6imo,Riadiaca,,,,,,,,,JUNK_DATA,50,"Plausible name, but no authoritative verification evidence available",
manufacturer-ricoh-1b0af9,Ricoh,,,,,,,,,UNVERIFIED_CANDIDATE,50,"Plausible name, but no authoritative verification evidence available",
manufacturer-roborock-7wnh2p,Roborock,,,,,,,,,UNVERIFIED_CANDIDATE,50,"Plausible name, but no authoritative verification evidence available",
manufacturer-robotime-7wmbbd,Robotime,,,,,,,,,UNVERIFIED_CANDIDATE,50,"Plausible name, but no authoritative verification evidence available",
manufacturer-rozbaleno-tp7liu,Rozbaleno,,,,,,,,,UNVERIFIED_CANDIDATE,50,"Plausible name, but no authoritative verification evidence available",
manufacturer-rozhranie-wsmzo0,Rozhranie,,,,,,,,,JUNK_DATA,50,"Plausible name, but no authoritative verification evidence available",
manufacturer-salente-cohgmg,Salente,,,,,,,,,UNVERIFIED_CANDIDATE,50,"Plausible name, but no authoritative verification evidence available",
manufacturer-samsonite-i0e94p,Samsonite,,,,,,,,,UNVERIFIED_CANDIDATE,50,"Plausible name, but no authoritative verification evidence available",
manufacturer-samyang-cnl62o,Samyang,,,,,,,,,UNVERIFIED_CANDIDATE,50,"Plausible name, but no authoritative verification evidence available",
manufacturer-sandberg-y0yi58,Sandberg,,,,,,,,,UNVERIFIED_CANDIDATE,50,"Plausible name, but no authoritative verification evidence available",
manufacturer-sandisk-cnz1qb,SanDisk,,,,,,,,,UNVERIFIED_CANDIDATE,50,"Plausible name, but no authoritative verification evidence available",
manufacturer-sanei-1bf71g,Sanei,,,,,,,,,UNVERIFIED_CANDIDATE,50,"Plausible name, but no authoritative verification evidence available",
manufacturer-satechi-ck3cbf,Satechi,,,,,,,,,UNVERIFIED_CANDIDATE,50,"Plausible name, but no authoritative verification evidence available",
manufacturer-satellai-y55i7t,Satellai,,,,,,,,,UNVERIFIED_CANDIDATE,50,"Plausible name, but no authoritative verification evidence available",
manufacturer-scality-bwbl59,Scality,,,,,,,,,UNVERIFIED_CANDIDATE,50,"Plausible name, but no authoritative verification evidence available",
manufacturer-seasonic-fsbw4d,Seasonic,,,,,,,,,UNVERIFIED_CANDIDATE,50,"Plausible name, but no authoritative verification evidence available",
manufacturer-seiko-1bhnff,Seiko,,,,,,,,,UNVERIFIED_CANDIDATE,50,"Plausible name, but no authoritative verification evidence available",
manufacturer-sena-1j5id,Sena,,,,,,,,,UNVERIFIED_CANDIDATE,50,"Plausible name, but no authoritative verification evidence available",
manufacturer-sencor-u4tuly,Sencor,,,,,,,,,UNVERIFIED_CANDIDATE,50,"Plausible name, but no authoritative verification evidence available",
manufacturer-sirui-1bkea8,Sirui,,,,,,,,,UNVERIFIED_CANDIDATE,50,"Plausible name, but no authoritative verification evidence available",
manufacturer-skross-u1ga3v,Skross,,,,,,,,,UNVERIFIED_CANDIDATE,50,"Plausible name, but no authoritative verification evidence available",
manufacturer-smallrig-8ymc6v,Smallrig,,,,,,,,,UNVERIFIED_CANDIDATE,50,"Plausible name, but no authoritative verification evidence available",
manufacturer-sociable-laeqm4,Sociable,,,,,,,,,UNVERIFIED_CANDIDATE,50,"Plausible name, but no authoritative verification evidence available",
manufacturer-solarix-61x8c0,Solarix,,,,,,,,,UNVERIFIED_CANDIDATE,50,"Plausible name, but no authoritative verification evidence available",
manufacturer-solidline-arul1b,Solidline,,,,,,,,,UNVERIFIED_CANDIDATE,50,"Plausible name, but no authoritative verification evidence available",
manufacturer-solight-61scme,Solight,,,,,,,,,UNVERIFIED_CANDIDATE,50,"Plausible name, but no authoritative verification evidence available",
manufacturer-spisovka-w2a07w,Spisovka,,,,,,,,,JUNK_DATA,50,"Plausible name, but no authoritative verification evidence available",
manufacturer-spojka-tyrc0i,Spojka,,,,,,,,,JUNK_DATA,50,"Plausible name, but no authoritative verification evidence available",
manufacturer-stolek-twk4ak,Stolek,,,,,,,,,UNVERIFIED_CANDIDATE,50,"Plausible name, but no authoritative verification evidence available",
manufacturer-strend-twicba,Strend,,,,,,,,,UNVERIFIED_CANDIDATE,50,"Plausible name, but no authoritative verification evidence available",
manufacturer-stropni-3l5gcz,Stropni,,,,,,,,,UNVERIFIED_CANDIDATE,50,"Plausible name, but no authoritative verification evidence available",
manufacturer-stygian-3hg5ll,Stygian,,,,,,,,,UNVERIFIED_CANDIDATE,50,"Plausible name, but no authoritative verification evidence available",
manufacturer-sunmi-1bryyw,Sunmi,,,,,,,,,UNVERIFIED_CANDIDATE,50,"Plausible name, but no authoritative verification evidence available",
manufacturer-tactical-d53sl9,Tactical,,,,,,,,,UNVERIFIED_CANDIDATE,50,"Plausible name, but no authoritative verification evidence available",
manufacturer-technoline-570yuj,Technoline,,,,,,,,,UNVERIFIED_CANDIDATE,50,"Plausible name, but no authoritative verification evidence available",
manufacturer-tenda-1c1jju,Tenda,,,,,,,,,UNVERIFIED_CANDIDATE,50,"Plausible name, but no authoritative verification evidence available",
manufacturer-thermaltake-3agari,Thermaltake,,,,,,,,,UNVERIFIED_CANDIDATE,50,"Plausible name, but no authoritative verification evidence available",
manufacturer-timekettle-dt2tfk,Timekettle,,,,,,,,,UNVERIFIED_CANDIDATE,50,"Plausible name, but no authoritative verification evidence available",
manufacturer-timemoto-x9vieu,Timemoto,,,,,,,,,UNVERIFIED_CANDIDATE,50,"Plausible name, but no authoritative verification evidence available",
manufacturer-tineco-tll0nc,Tineco,,,,,,,,,UNVERIFIED_CANDIDATE,50,"Plausible name, but no authoritative verification evidence available",
manufacturer-tomtoc-tiakoa,Tomtoc,,,,,,,,,UNVERIFIED_CANDIDATE,50,"Plausible name, but no authoritative verification evidence available",
manufacturer-topdon-ti8zki,Topdon,,,,,,,,,UNVERIFIED_CANDIDATE,50,"Plausible name, but no authoritative verification evidence available",
manufacturer-tormented-680b0,Tormented,,,,,,,,,UNVERIFIED_CANDIDATE,50,"Plausible name, but no authoritative verification evidence available",
manufacturer-touchbeauty-8o8885,Touchbeauty,,,,,,,,,UNVERIFIED_CANDIDATE,50,"Plausible name, but no authoritative verification evidence available",
manufacturer-tp-link-70xv05,TP-Link,,,,,,,,,UNVERIFIED_CANDIDATE,50,"Plausible name, but no authoritative verification evidence available",
manufacturer-tracer-tgv7kj,Tracer,,,,,,,,,UNVERIFIED_CANDIDATE,50,"Plausible name, but no authoritative verification evidence available",
manufacturer-tractive-m32a78,Tractive,,,,,,,,,UNVERIFIED_CANDIDATE,50,"Plausible name, but no authoritative verification evidence available",
manufacturer-traeger-9vmi8i,Traeger,,,,,,,,,UNVERIFIED_CANDIDATE,50,"Plausible name, but no authoritative verification evidence available",
manufacturer-transcend-khbw0w,Transcend,,,,,,,,,UNVERIFIED_CANDIDATE,50,"Plausible name, but no authoritative verification evidence available",
manufacturer-trendnet-o50dts,Trendnet,,,,,,,,,UNVERIFIED_CANDIDATE,50,"Plausible name, but no authoritative verification evidence available",
manufacturer-triediaci-lf6k14,Triediaci,,,,,,,,,UNVERIFIED_CANDIDATE,50,"Plausible name, but no authoritative verification evidence available",
manufacturer-triton-tgpqu0,Triton,,,,,,,,,UNVERIFIED_CANDIDATE,50,"Plausible name, but no authoritative verification evidence available",
manufacturer-truecam-a6mb1d,Truecam,,,,,,,,,UNVERIFIED_CANDIDATE,50,"Plausible name, but no authoritative verification evidence available",
manufacturer-truelife-vkx6zu,Truelife,,,,,,,,,UNVERIFIED_CANDIDATE,50,"Plausible name, but no authoritative verification evidence available",
manufacturer-trust-1c9zy0,Trust,,,,,,,,,UNVERIFIED_CANDIDATE,50,"Plausible name, but no authoritative verification evidence available",
manufacturer-tsc-1t44,Tsc,,,,,,,,,UNVERIFIED_CANDIDATE,50,"Plausible name, but no authoritative verification evidence available",
manufacturer-ugears-t5ssxd,Ugears,,,,,,,,,UNVERIFIED_CANDIDATE,50,"Plausible name, but no authoritative verification evidence available",
manufacturer-ugreen-t5kfg2,Ugreen,,,,,,,,,UNVERIFIED_CANDIDATE,50,"Plausible name, but no authoritative verification evidence available",
manufacturer-uniq-1km1t,Uniq,,,,,,,,,UNVERIFIED_CANDIDATE,50,"Plausible name, but no authoritative verification evidence available",
manufacturer-uniview-msjjw5,Uniview,,,,,,,,,UNVERIFIED_CANDIDATE,50,"Plausible name, but no authoritative verification evidence available",
manufacturer-v-sol-1c5hg9,V-sol,,,,,,,,,UNVERIFIED_CANDIDATE,50,"Plausible name, but no authoritative verification evidence available",
manufacturer-varta-1d2o50,Varta,,,,,,,,,UNVERIFIED_CANDIDATE,50,"Plausible name, but no authoritative verification evidence available",
manufacturer-veinx-1d51ac,Veinx,,,,,,,,,UNVERIFIED_CANDIDATE,50,"Plausible name, but no authoritative verification evidence available",
manufacturer-velbon-spqa58,Velbon,,,,,,,,,UNVERIFIED_CANDIDATE,50,"Plausible name, but no authoritative verification evidence available",
manufacturer-vembu-1d53yp,Vembu,,,,,,,,,UNVERIFIED_CANDIDATE,50,"Plausible name, but no authoritative verification evidence available",
manufacturer-venom-1d550d,Venom,,,,,,,,,UNVERIFIED_CANDIDATE,50,"Plausible name, but no authoritative verification evidence available",
manufacturer-verbatim-w0uje2,Verbatim,,,,,,,,,UNVERIFIED_CANDIDATE,50,"Plausible name, but no authoritative verification evidence available",
manufacturer-veria-1d57tn,Veria,,,,,,,,,UNVERIFIED_CANDIDATE,50,"Plausible name, but no authoritative verification evidence available",
manufacturer-videostudio-b1oirz,Videostudio,,,,,,,,,UNVERIFIED_CANDIDATE,50,"Plausible name, but no authoritative verification evidence available",
manufacturer-viking-snjlli,Viking,,,,,,,,,UNVERIFIED_CANDIDATE,50,"Plausible name, but no authoritative verification evidence available",
manufacturer-virtuos-z8mun8,Virtuos,,,,,,,,,UNVERIFIED_CANDIDATE,50,"Plausible name, but no authoritative verification evidence available",
manufacturer-virtuozzo-g8pw4g,Virtuozzo,,,,,,,,,UNVERIFIED_CANDIDATE,50,"Plausible name, but no authoritative verification evidence available",
manufacturer-vitesy-sndxjq,Vitesy,,,,,,,,,UNVERIFIED_CANDIDATE,50,"Plausible name, but no authoritative verification evidence available",
manufacturer-vivotek-zaqt3i,Vivotek,,,,,,,,,UNVERIFIED_CANDIDATE,50,"Plausible name, but no authoritative verification evidence available",
manufacturer-vogel-s-x4j0ov,Vogel's,,,,,,,,,UNVERIFIED_CANDIDATE,50,"Plausible name, but no authoritative verification evidence available",
manufacturer-vtech-1deiuk,Vtech,,,,,,,,,UNVERIFIED_CANDIDATE,50,"Plausible name, but no authoritative verification evidence available",
manufacturer-vysoko-selntp,Vysoko,,,,,,,,,UNVERIFIED_CANDIDATE,50,"Plausible name, but no authoritative verification evidence available",
manufacturer-wd-24t,WD,,,,,,,,,UNVERIFIED_CANDIDATE,50,"Plausible name, but no authoritative verification evidence available",
manufacturer-wecare-s8ufb5,Wecare,,,,,,,,,UNVERIFIED_CANDIDATE,50,"Plausible name, but no authoritative verification evidence available",
manufacturer-whoosh-lmv5xh,Whoosh!,,,,,,,,,UNVERIFIED_CANDIDATE,50,"Plausible name, but no authoritative verification evidence available",
manufacturer-wordperfect-2cj719,Wordperfect,,,,,,,,,UNVERIFIED_CANDIDATE,50,"Plausible name, but no authoritative verification evidence available",
manufacturer-x-sense-yu3vuv,X-sense,,,,,,,,,UNVERIFIED_CANDIDATE,50,"Plausible name, but no authoritative verification evidence available",
manufacturer-xerox-1e8t66,Xerox,,,,,,,,,UNVERIFIED_CANDIDATE,50,"Plausible name, but no authoritative verification evidence available",
manufacturer-xreal-1egu0m,Xreal,,,,,,,,,UNVERIFIED_CANDIDATE,50,"Plausible name, but no authoritative verification evidence available",
manufacturer-xtendlan-qq2oze,Xtendlan,,,,,,,,,UNVERIFIED_CANDIDATE,50,"Plausible name, but no authoritative verification evidence available",
manufacturer-yashica-4gojqi,Yashica,,,,,,,,,UNVERIFIED_CANDIDATE,50,"Plausible name, but no authoritative verification evidence available",
manufacturer-yealink-631aun,Yealink,,,,,,,,,UNVERIFIED_CANDIDATE,50,"Plausible name, but no authoritative verification evidence available",
manufacturer-yubikey-do962k,Yubikey,,,,,,,,,UNVERIFIED_CANDIDATE,50,"Plausible name, but no authoritative verification evidence available",
manufacturer-zalman-qvqr4b,Zalman,,,,,,,,,UNVERIFIED_CANDIDATE,50,"Plausible name, but no authoritative verification evidence available",
manufacturer-zavedenie-uxbw5p,Zavedenie,,,,,,,,,JUNK_DATA,50,"Plausible name, but no authoritative verification evidence available",
manufacturer-zebra-1fc2jq,Zebra,,,,,,,,,UNVERIFIED_CANDIDATE,50,"Plausible name, but no authoritative verification evidence available",
manufacturer-zerto-1fcegy,Zerto,,,,,,,,,UNVERIFIED_CANDIDATE,50,"Plausible name, but no authoritative verification evidence available",
manufacturer-zgx-1xaj,Zgx,,,,,,,,,UNVERIFIED_CANDIDATE,50,"Plausible name, but no authoritative verification evidence available",
manufacturer-zhiyun-qrxujt,Zhiyun,,,,,,,,,UNVERIFIED_CANDIDATE,50,"Plausible name, but no authoritative verification evidence available",
manufacturer-zobrazovacia-a2wqv3,Zobrazovacia,,,,,,,,,JUNK_DATA,50,"Plausible name, but no authoritative verification evidence available",
manufacturer-zwilling-bshnt6,Zwilling,,,,,,,,,UNVERIFIED_CANDIDATE,50,"Plausible name, but no authoritative verification evidence available",
manufacturer-zxel-1o0at,Zxel,,,,,,,,,UNVERIFIED_CANDIDATE,50,"Plausible name, but no authoritative verification evidence available",
manufacturer-zyxel-1fpaao,Zyxel,,,,,,,,,UNVERIFIED_CANDIDATE,50,"Plausible name, but no authoritative verification evidence available",
manufacturer-1-1d,1,,,,,,,,,JUNK_DATA,100,"Numeric value, not a manufacturer name",
manufacturer-1-mesacna-9tu81u,1-mesačná,,,,,,,,,JUNK_DATA,99,Broken character encoding (mojibake),
manufacturer-10-11ib,"10""",,,,,,,,,JUNK_DATA,99,"Specification, model, duration, or product code",
manufacturer-100w-wb6u,100w,,,,,,,,,JUNK_DATA,99,"Specification, model, duration, or product code",
manufacturer-16-17p,16,,,,,,,,,JUNK_DATA,100,"Numeric value, not a manufacturer name",
manufacturer-16gb-wgxs,16gb,,,,,,,,,JUNK_DATA,99,"Specification, model, duration, or product code",
manufacturer-17-11oc,"17""",,,,,,,,,JUNK_DATA,99,"Specification, model, duration, or product code",
manufacturer-19-11q2,"19""",,,,,,,,,JUNK_DATA,99,"Specification, model, duration, or product code",
manufacturer-1r-19d,1r,,,,,,,,,JUNK_DATA,99,"Specification, model, duration, or product code",
manufacturer-1stcool-5v0fvp,1stcool,,,,,,,,,JUNK_DATA,99,"Specification, model, duration, or product code",
manufacturer-1y-19k,1y,,,,,,,,,JUNK_DATA,99,"Specification, model, duration, or product code",
manufacturer-1yr-13be,1yr,,,,,,,,,JUNK_DATA,99,"Specification, model, duration, or product code",
manufacturer-2-1e,2,,,,,,,,,JUNK_DATA,100,"Numeric value, not a manufacturer name",
manufacturer-2-5-wv9j,"2,5""",,,,,,,,,JUNK_DATA,99,"Specification, model, duration, or product code",
manufacturer-23-x00b,"23"",",,,,,,,,,JUNK_DATA,98,Malformed leading/trailing punctuation,
manufacturer-24-12cg,"24""",,,,,,,,,JUNK_DATA,99,"Specification, model, duration, or product code",
manufacturer-240w-x155,240w,,,,,,,,,JUNK_DATA,99,"Specification, model, duration, or product code",
manufacturer-2kids-tg9lr,2kids,,,,,,,,,JUNK_DATA,99,"Specification, model, duration, or product code",
manufacturer-2y-1af,2y,,,,,,,,,JUNK_DATA,99,"Specification, model, duration, or product code",
manufacturer-3-1f,3,,,,,,,,,JUNK_DATA,100,"Numeric value, not a manufacturer name",
manufacturer-3-rocna-9o635j,3-ročná,,,,,,,,,JUNK_DATA,99,Broken character encoding (mojibake),
manufacturer-30-in-1-9b66fb,30-in-1,,,,,,,,,JUNK_DATA,99,"Specification, model, duration, or product code",
manufacturer-32-19b,32,,,,,,,,,JUNK_DATA,100,"Numeric value, not a manufacturer name",
manufacturer-365-135e,365,,,,,,,,,JUNK_DATA,100,"Numeric value, not a manufacturer name",
manufacturer-3doodler-8qnmcm,3doodler,,,,,,,,,JUNK_DATA,99,"Specification, model, duration, or product code",
manufacturer-3mk-14i9,3mk,,,,,,,,,JUNK_DATA,99,"Specification, model, duration, or product code",
manufacturer-3r-1b3,3r,,,,,,,,,JUNK_DATA,99,"Specification, model, duration, or product code",
manufacturer-3y-1ba,3y,,,,,,,,,JUNK_DATA,99,"Specification, model, duration, or product code",
manufacturer-4-1g,4,,,,,,,,,JUNK_DATA,100,"Numeric value, not a manufacturer name",
manufacturer-400-13qs,400,,,,,,,,,JUNK_DATA,100,"Numeric value, not a manufacturer name",
manufacturer-490c-yet4,490c,,,,,,,,,JUNK_DATA,99,"Specification, model, duration, or product code",
manufacturer-490k-yetc,490k,,,,,,,,,JUNK_DATA,99,"Specification, model, duration, or product code",
manufacturer-4y-1c5,4y,,,,,,,,,JUNK_DATA,99,"Specification, model, duration, or product code",
manufacturer-5-1h,5,,,,,,,,,JUNK_DATA,100,"Numeric value, not a manufacturer name",
manufacturer-512-14ie,512,,,,,,,,,JUNK_DATA,100,"Numeric value, not a manufacturer name",
manufacturer-580c-z11y,580c,,,,,,,,,JUNK_DATA,99,"Specification, model, duration, or product code",
manufacturer-580k-z126,580k,,,,,,,,,JUNK_DATA,99,"Specification, model, duration, or product code",
manufacturer-5y-1d0,5y,,,,,,,,,JUNK_DATA,99,"Specification, model, duration, or product code",
manufacturer-65w-15eg,65w,,,,,,,,,JUNK_DATA,99,"Specification, model, duration, or product code",
manufacturer-675w-znfn,675w,,,,,,,,,JUNK_DATA,99,"Specification, model, duration, or product code",
manufacturer-700-15yv,700,,,,,,,,,JUNK_DATA,100,"Numeric value, not a manufacturer name",
manufacturer-702hke-qsth9l,702hke,,,,,,,,,JUNK_DATA,99,"Specification, model, duration, or product code",
manufacturer-702hme-qsthbb,702hme,,,,,,,,,JUNK_DATA,99,"Specification, model, duration, or product code",
manufacturer-720m-106l4,720m,,,,,,,,,JUNK_DATA,99,"Specification, model, duration, or product code",
manufacturer-8-1k,8,,,,,,,,,JUNK_DATA,100,"Numeric value, not a manufacturer name",
manufacturer-8-portovy-s923sw,8-portový,,,,,,,,,JUNK_DATA,99,Broken character encoding (mojibake),
manufacturer-802sce-r9vbmj,802sce,,,,,,,,,JUNK_DATA,99,"Specification, model, duration, or product code",
manufacturer-802ske-r9vbtf,802ske,,,,,,,,,JUNK_DATA,99,"Specification, model, duration, or product code",
manufacturer-802sme-r9vbv5,802sme,,,,,,,,,JUNK_DATA,99,"Specification, model, duration, or product code",
manufacturer-802sye-r9vc5h,802sye,,,,,,,,,JUNK_DATA,99,"Specification, model, duration, or product code",
manufacturer-802xme-r9vfkm,802xme,,,,,,,,,JUNK_DATA,99,"Specification, model, duration, or product code",
manufacturer-802xye-r9vfuy,802xye,,,,,,,,,JUNK_DATA,99,"Specification, model, duration, or product code",
manufacturer-8gb-182b,8gb,,,,,,,,,JUNK_DATA,99,"Specification, model, duration, or product code",
manufacturer-access-wc6ft0,Access,,,,,,,,,JUNK_DATA,92,Generic product/category/attribute term,
manufacturer-adapterovy-j9a5t7,Adaptérový,,,,,,,,,JUNK_DATA,99,Broken character encoding (mojibake),
manufacturer-after-11m7r0,After,,,,,,,,,JUNK_DATA,92,Generic product/category/attribute term,
manufacturer-akcelerator-hjk98j,Akcelerátor,,,,,,,,,JUNK_DATA,99,Broken character encoding (mojibake),
manufacturer-aktivny-c637z2,Aktívny,,,,,,,,,JUNK_DATA,99,Broken character encoding (mojibake),
manufacturer-aktualizacia-3bt1y9,Aktualizácia,,,,,,,,,JUNK_DATA,99,Broken character encoding (mojibake),
manufacturer-alternativna-r2vbsp,Alternatívna,,,,,,,,,JUNK_DATA,99,Broken character encoding (mojibake),
manufacturer-alternativne-r2vbsl,Alternatívne,,,,,,,,,JUNK_DATA,99,Broken character encoding (mojibake),
manufacturer-alternativny-r2vbs1,Alternatívny,,,,,,,,,JUNK_DATA,99,Broken character encoding (mojibake),
manufacturer-alu-1eve,Alu,,,,,,,,,JUNK_DATA,92,Generic product/category/attribute term,
manufacturer-american-sknglc,American,,,,,,,,,JUNK_DATA,92,Generic product/category/attribute term,
manufacturer-analogove-6zzhp2,Analógové,,,,,,,,,JUNK_DATA,99,Broken character encoding (mojibake),
manufacturer-animal-wic5r0,Animal,,,,,,,,,JUNK_DATA,92,Generic product/category/attribute term,
manufacturer-anteny-wilqvh,Antény,,,,,,,,,JUNK_DATA,99,Broken character encoding (mojibake),
manufacturer-ap-ac2-12b-9dupzu,Ap-ac2-12b,,,,,,,,,JUNK_DATA,99,"Specification, model, duration, or product code",
manufacturer-ap-mnt-cm1-uwhwof,Ap-mnt-cm1,,,,,,,,,JUNK_DATA,99,"Specification, model, duration, or product code",
manufacturer-ap-mod-seru-tc777m,Ap-mod-seru,,,,,,,,,JUNK_DATA,99,"Specification, model, duration, or product code",
manufacturer-ap-poe-afge-dfpowo,Ap-poe-afge,,,,,,,,,JUNK_DATA,99,"Specification, model, duration, or product code",
manufacturer-ap-poe-atsr-dfpe89,Ap-poe-atsr,,,,,,,,,JUNK_DATA,99,"Specification, model, duration, or product code",
manufacturer-ap-poe-btsr-dfor8q,Ap-poe-btsr,,,,,,,,,JUNK_DATA,99,"Specification, model, duration, or product code",
manufacturer-aten-11uuls,"Aten,",,,,,,,,,JUNK_DATA,98,Malformed leading/trailing punctuation,
manufacturer-atramentova-7fk6nu,Atramentová,,,,,,,,,JUNK_DATA,99,Broken character encoding (mojibake),
manufacturer-automaticka-91kgrj,Automatická,,,,,,,,,JUNK_DATA,99,Broken character encoding (mojibake),
manufacturer-automaticky-91kgqr,Automatický,,,,,,,,,JUNK_DATA,99,Broken character encoding (mojibake),
manufacturer-autonabijacka-rj9iu7,Autonabíjačka,,,,,,,,,JUNK_DATA,99,Broken character encoding (mojibake),
manufacturer-azurova-l99b3d,Azúrová,,,,,,,,,JUNK_DATA,99,Broken character encoding (mojibake),
manufacturer-azurovy-j84o74,Azurový,,,,,,,,,JUNK_DATA,99,Broken character encoding (mojibake),
manufacturer-azurovy-l99b45,Azúrový,,,,,,,,,JUNK_DATA,99,Broken character encoding (mojibake),
manufacturer-balenie-lx7x82,Balenie,,,,,,,,,JUNK_DATA,92,Generic product/category/attribute term,
manufacturer-balicek-lzq18z,Balíček,,,,,,,,,JUNK_DATA,99,Broken character encoding (mojibake),
manufacturer-balik-122qq3,Balík,,,,,,,,,JUNK_DATA,99,Broken character encoding (mojibake),
manufacturer-banka-122p39,Banka,,,,,,,,,JUNK_DATA,92,Generic product/category/attribute term,
manufacturer-bateria-m3yn7a,Batéria,,,,,,,,,JUNK_DATA,99,Broken character encoding (mojibake),
manufacturer-baterie-m1mcxq,Baterie,,,,,,,,,JUNK_DATA,92,Generic product/category/attribute term,
manufacturer-baterie-m3yn7e,Batérie,,,,,,,,,JUNK_DATA,99,Broken character encoding (mojibake),
manufacturer-bateriova-9j5c1b,Batériová,,,,,,,,,JUNK_DATA,99,Broken character encoding (mojibake),
manufacturer-bateriovy-9j5c23,Batériový,,,,,,,,,JUNK_DATA,99,Broken character encoding (mojibake),
manufacturer-batoh-122tn2,Batoh,,,,,,,,,JUNK_DATA,92,Generic product/category/attribute term,
manufacturer-bezdrotova-wk7zxx,Bezdrôtová,,,,,,,,,JUNK_DATA,99,Broken character encoding (mojibake),
manufacturer-bezdrotove-wk7zy5,Bezdrôtové,,,,,,,,,JUNK_DATA,99,Broken character encoding (mojibake),
manufacturer-bezdrotovy-wk7zyp,Bezdrôtový,,,,,,,,,JUNK_DATA,99,Broken character encoding (mojibake),
manufacturer-bezpecnostna-o2lg3a,Bezpečnostná,,,,,,,,,JUNK_DATA,99,Broken character encoding (mojibake),
manufacturer-bezpecnostny-o2lg42,Bezpečnostný,,,,,,,,,JUNK_DATA,99,Broken character encoding (mojibake),
manufacturer-biely-127mcr,Biely,,,,,,,,,JUNK_DATA,92,Generic product/category/attribute term,
manufacturer-bily-1b3ng,Bílý,,,,,,,,,JUNK_DATA,99,Broken character encoding (mojibake),
manufacturer-birch-127vrk,Birch,,,,,,,,,UNVERIFIED_CANDIDATE,92,Generic product/category/attribute term,
manufacturer-blast-129gig,Blast,,,,,,,,,UNVERIFIED_CANDIDATE,92,Generic product/category/attribute term,
manufacturer-brana-12fx7o,Brána,,,,,,,,,JUNK_DATA,99,Broken character encoding (mojibake),
manufacturer-bubnova-v8s77f,Bubnová,,,,,,,,,JUNK_DATA,99,Broken character encoding (mojibake),
manufacturer-c52x-c53x-w70y3y,C52x/c53x,,,,,,,,,JUNK_DATA,95,"Composite product/category value, not one canonical manufacturer",
manufacturer-c74x-17y8o,C74x,,,,,,,,,JUNK_DATA,99,"Specification, model, duration, or product code",
manufacturer-can-1g34,Can,,,,,,,,,JUNK_DATA,92,Generic product/category/attribute term,
manufacturer-case-18uvk,Case,,,,,,,,,JUNK_DATA,92,Generic product/category/attribute term,
manufacturer-cb-6hi,Čb,,,,,,,,,JUNK_DATA,99,Broken character encoding (mojibake),
manufacturer-cestovna-anm75v,Cestovná,,,,,,,,,JUNK_DATA,99,Broken character encoding (mojibake),
manufacturer-cestovny-anm753,Cestovný,,,,,,,,,JUNK_DATA,99,Broken character encoding (mojibake),
manufacturer-charger-va02qq,Charger,,,,,,,,,JUNK_DATA,92,Generic product/category/attribute term,
manufacturer-chladic-v49902,Chladič,,,,,,,,,JUNK_DATA,99,Broken character encoding (mojibake),
manufacturer-chladici-tromlp,Chladící,,,,,,,,,JUNK_DATA,99,Broken character encoding (mojibake),
manufacturer-chytra-xdf0gf,Chytrá,,,,,,,,,JUNK_DATA,99,Broken character encoding (mojibake),
manufacturer-cierna-dik32b,Čierna,,,,,,,,,JUNK_DATA,99,Broken character encoding (mojibake),
manufacturer-ciernobiela-meic7c,Čiernobiela,,,,,,,,,JUNK_DATA,99,Broken character encoding (mojibake),
manufacturer-cierny-dik31n,Čierny,,,,,,,,,JUNK_DATA,99,Broken character encoding (mojibake),
manufacturer-citacka-13qwq3,Čítačka,,,,,,,,,JUNK_DATA,99,Broken character encoding (mojibake),
manufacturer-clamp-12t8yj,Clamp,,,,,,,,,JUNK_DATA,92,Generic product/category/attribute term,
manufacturer-cloud-12tjit,Cloud,,,,,,,,,JUNK_DATA,92,Generic product/category/attribute term,
manufacturer-club-1932u,Club,,,,,,,,,JUNK_DATA,92,Generic product/category/attribute term,
manufacturer-connect-rrlzqu,Connect,,,,,,,,,JUNK_DATA,92,Generic product/category/attribute term,
manufacturer-cooler-xh30eu,Cooler,,,,,,,,,JUNK_DATA,92,Generic product/category/attribute term,
manufacturer-cp-1ot,Cp,,,,,,,,,JUNK_DATA,92,Generic product/category/attribute term,
manufacturer-creator-qhn9bo,Creator,,,,,,,,,JUNK_DATA,92,Generic product/category/attribute term,
manufacturer-cs11-196ls,Cs11,,,,,,,,,JUNK_DATA,99,"Specification, model, duration, or product code",
manufacturer-cs720-xi976v,"Cs720,",,,,,,,,,JUNK_DATA,98,Malformed leading/trailing punctuation,
manufacturer-cs725-12wt9m,Cs725,,,,,,,,,JUNK_DATA,99,"Specification, model, duration, or product code",
manufacturer-ct-e301-y1lp0h,"Ct-e301,",,,,,,,,,JUNK_DATA,98,Malformed leading/trailing punctuation,
manufacturer-customer-b3dzi6,Customer,,,,,,,,,JUNK_DATA,92,Generic product/category/attribute term,
manufacturer-cx725-130079,Cx725,,,,,,,,,JUNK_DATA,99,"Specification, model, duration, or product code",
manufacturer-cx825-xl0t9i,"Cx825,",,,,,,,,,JUNK_DATA,98,Malformed leading/trailing punctuation,
manufacturer-cx82x-xl0uv7,"Cx82x,",,,,,,,,,JUNK_DATA,98,Malformed leading/trailing punctuation,
manufacturer-dance-136a37,Dance,,,,,,,,,JUNK_DATA,92,Generic product/category/attribute term,
manufacturer-datovy-xqis67,Datový,,,,,,,,,JUNK_DATA,99,Broken character encoding (mojibake),
manufacturer-datovy-zc7lup,Dátový,,,,,,,,,JUNK_DATA,99,Broken character encoding (mojibake),
manufacturer-ddr3-19k0x,Ddr3,,,,,,,,,JUNK_DATA,99,"Specification, model, duration, or product code",
manufacturer-ddr3l-1388vf,Ddr3l,,,,,,,,,JUNK_DATA,99,"Specification, model, duration, or product code",
manufacturer-ddr4-19k0y,Ddr4,,,,,,,,,JUNK_DATA,99,"Specification, model, duration, or product code",
manufacturer-desk-19ku1,Desk,,,,,,,,,JUNK_DATA,92,Generic product/category/attribute term,
manufacturer-desktop-hqyk1w,Desktop,,,,,,,,,JUNK_DATA,92,Generic product/category/attribute term,
manufacturer-detska-ygbgr8,Dětská,,,,,,,,,JUNK_DATA,99,Broken character encoding (mojibake),
manufacturer-detske-ygbgr0,Dětské,,,,,,,,,JUNK_DATA,99,Broken character encoding (mojibake),
manufacturer-detsky-ygbgqg,Dětský,,,,,,,,,JUNK_DATA,99,Broken character encoding (mojibake),
manufacturer-dh220e-hcm4el,"Dh220e,",,,,,,,,,JUNK_DATA,98,Malformed leading/trailing punctuation,
manufacturer-dh320e-hc2bt8,"Dh320e,",,,,,,,,,JUNK_DATA,98,Malformed leading/trailing punctuation,
manufacturer-digitalny-1byo3,Digitálny,,,,,,,,,JUNK_DATA,99,Broken character encoding (mojibake),
manufacturer-dizajnovy-97h522,Dizajnový,,,,,,,,,JUNK_DATA,99,Broken character encoding (mojibake),
manufacturer-dlha-19pup,Dlhá,,,,,,,,,JUNK_DATA,99,Broken character encoding (mojibake),
manufacturer-dobijacia-jt1iy6,Dobíjacia,,,,,,,,,JUNK_DATA,99,Broken character encoding (mojibake),
manufacturer-dochazkovy-pzg56c,Docházkový,,,,,,,,,JUNK_DATA,99,Broken character encoding (mojibake),
manufacturer-dodatok-d8xmvs,Dodatok,,,,,,,,,JUNK_DATA,92,Generic product/category/attribute term,
manufacturer-doktorsky-no3x1q,Doktorský,,,,,,,,,JUNK_DATA,99,Broken character encoding (mojibake),
manufacturer-dongle-xy3w9p,Dongle,,,,,,,,,UNVERIFIED_CANDIDATE,92,Generic product/category/attribute term,
manufacturer-drevene-bsvvfj,Drevené,,,,,,,,,JUNK_DATA,99,Broken character encoding (mojibake),
manufacturer-drop1000-63oxsi,Drop1000,,,,,,,,,JUNK_DATA,92,Generic product/category/attribute term,
manufacturer-drziak-y4kzpf,Držiak,,,,,,,,,JUNK_DATA,99,Broken character encoding (mojibake),
manufacturer-ds55r-xz9nex,"Ds55r,",,,,,,,,,JUNK_DATA,98,Malformed leading/trailing punctuation,
manufacturer-dualny-y3g73b,Duálny,,,,,,,,,JUNK_DATA,99,Broken character encoding (mojibake),
manufacturer-duhovy-yyoev0,Dúhový,,,,,,,,,JUNK_DATA,99,Broken character encoding (mojibake),
manufacturer-duplexni-wnsyqp,Duplexní,,,,,,,,,JUNK_DATA,99,Broken character encoding (mojibake),
manufacturer-dverovy-9wrq6h,Dverový,,,,,,,,,JUNK_DATA,99,Broken character encoding (mojibake),
manufacturer-dvojita-9rf0nr,Dvojitá,,,,,,,,,JUNK_DATA,99,Broken character encoding (mojibake),
manufacturer-dvojmonitorovy-p3767d,Dvojmonitorový,,,,,,,,,JUNK_DATA,99,Broken character encoding (mojibake),
manufacturer-dvoumonitorovy-hosjv0,Dvoumonitorový,,,,,,,,,JUNK_DATA,99,Broken character encoding (mojibake),
manufacturer-dvouramenny-a3s4hq,Dvouramenný,,,,,,,,,JUNK_DATA,99,Broken character encoding (mojibake),
manufacturer-e-book-xenlo1,E-book,,,,,,,,,JUNK_DATA,92,Generic product/category/attribute term,
manufacturer-e250-e35x-x2z5uw,E250/e35x,,,,,,,,,JUNK_DATA,95,"Composite product/category value, not one canonical manufacturer",
manufacturer-edu-1hna,Edu,,,,,,,,,JUNK_DATA,92,Generic product/category/attribute term,
manufacturer-eliminator-ho5js6,Eliminátor,,,,,,,,,JUNK_DATA,99,Broken character encoding (mojibake),
manufacturer-endpoint-tv3f05,Endpoint,,,,,,,,,JUNK_DATA,92,Generic product/category/attribute term,
manufacturer-ergonomicka-7i6bdz,Ergonomická,,,,,,,,,JUNK_DATA,99,Broken character encoding (mojibake),
manufacturer-ergonomicky-7i6ber,Ergonomický,,,,,,,,,JUNK_DATA,99,Broken character encoding (mojibake),
manufacturer-ethernetovy-p4ma3j,Ethernetový,,,,,,,,,JUNK_DATA,99,Broken character encoding (mojibake),
manufacturer-etikety-3vlt5l,Etikety,,,,,,,,,JUNK_DATA,92,Generic product/category/attribute term,
manufacturer-extender-t1mftl,Extender,,,,,,,,,JUNK_DATA,92,Generic product/category/attribute term,
manufacturer-externa-5xqgwx,Externá,,,,,,,,,JUNK_DATA,99,Broken character encoding (mojibake),
manufacturer-externe-5xqgx5,Externé,,,,,,,,,JUNK_DATA,99,Broken character encoding (mojibake),
manufacturer-externi-5xqgx9,Externí,,,,,,,,,JUNK_DATA,99,Broken character encoding (mojibake),
manufacturer-externy-5xqgxp,Externý,,,,,,,,,JUNK_DATA,99,Broken character encoding (mojibake),
manufacturer-extra-144w6o,Extra,,,,,,,,,JUNK_DATA,92,Generic product/category/attribute term,
manufacturer-fantasy-9n1wqu,Fantasy,,,,,,,,,JUNK_DATA,92,Generic product/category/attribute term,
manufacturer-farebna-9ozj0n,Farebná,,,,,,,,,JUNK_DATA,99,Broken character encoding (mojibake),
manufacturer-farebny-9ozj1f,Farebný,,,,,,,,,JUNK_DATA,99,Broken character encoding (mojibake),
manufacturer-fiber-14eqbw,Fiber,,,,,,,,,JUNK_DATA,92,Generic product/category/attribute term,
manufacturer-filter-ysvd08,Filter,,,,,,,,,JUNK_DATA,92,Generic product/category/attribute term,
manufacturer-firemna-dhcqbu,Firemná,,,,,,,,,JUNK_DATA,99,Broken character encoding (mojibake),
manufacturer-fixni-14f6yc,Fixní,,,,,,,,,JUNK_DATA,99,Broken character encoding (mojibake),
manufacturer-flasticka-65eie,Fľaštička,,,,,,,,,JUNK_DATA,99,Broken character encoding (mojibake),
manufacturer-flipchart-byis27,Flipchart,,,,,,,,,JUNK_DATA,92,Generic product/category/attribute term,
manufacturer-flipove-erqiph,Flipové,,,,,,,,,JUNK_DATA,99,Broken character encoding (mojibake),
manufacturer-focus-14ildk,Focus,,,,,,,,,JUNK_DATA,92,Generic product/category/attribute term,
manufacturer-fotoelektricka-36aifz,Fotoelektrická,,,,,,,,,JUNK_DATA,99,Broken character encoding (mojibake),
manufacturer-freezer-hjm9i3,Freezer,,,,,,,,,JUNK_DATA,92,Generic product/category/attribute term,
manufacturer-ftp-1irm,Ftp,,,,,,,,,JUNK_DATA,92,Generic product/category/attribute term,
manufacturer-g9-1i1l,G9+,,,,,,,,,JUNK_DATA,92,Generic product/category/attribute term,
manufacturer-galaxy-z5i90w,Galaxy,,,,,,,,,JUNK_DATA,92,Generic product/category/attribute term,
manufacturer-gelova-xsthu8,Gélová,,,,,,,,,JUNK_DATA,99,Broken character encoding (mojibake),
manufacturer-ghostbusters-yxmdiv,Ghostbusters:,,,,,,,,,JUNK_DATA,98,Malformed leading/trailing punctuation,
manufacturer-giga-1bkgs,Giga,,,,,,,,,JUNK_DATA,92,Generic product/category/attribute term,
manufacturer-gigabitovy-5opezp,Gigabitový,,,,,,,,,JUNK_DATA,99,Broken character encoding (mojibake),
manufacturer-graficky-2kymm4,Grafický,,,,,,,,,JUNK_DATA,99,Broken character encoding (mojibake),
manufacturer-grip-1br76,Grip,,,,,,,,,JUNK_DATA,92,Generic product/category/attribute term,
manufacturer-heat-1c4cw,Heat,,,,,,,,,JUNK_DATA,92,Generic product/category/attribute term,
manufacturer-herna-15g3qg,Herná,,,,,,,,,JUNK_DATA,99,Broken character encoding (mojibake),
manufacturer-herni-15g3qs,Herní,,,,,,,,,JUNK_DATA,99,Broken character encoding (mojibake),
manufacturer-herny-15g3r8,Herný,,,,,,,,,JUNK_DATA,99,Broken character encoding (mojibake),
manufacturer-hmip-esi-iec-whgt3g,Hmip-esi-iec,,,,,,,,,JUNK_DATA,99,"Specification, model, duration, or product code",
manufacturer-hmip-esi-led-whgqvc,Hmip-esi-led,,,,,,,,,JUNK_DATA,99,"Specification, model, duration, or product code",
manufacturer-hmip-hap-a-6i1gt2,Hmip-hap-a,,,,,,,,,JUNK_DATA,99,"Specification, model, duration, or product code",
manufacturer-honeywellcharging-communication-m3myca,Honeywellcharging-/communication,,,,,,,,,JUNK_DATA,95,"Composite product/category value, not one canonical manufacturer",
manufacturer-horizon-pcm7b9,Horizon,,,,,,,,,JUNK_DATA,92,Generic product/category/attribute term,
manufacturer-houpaci-pauvcn,Houpací,,,,,,,,,JUNK_DATA,99,Broken character encoding (mojibake),
manufacturer-hp240-15lrly,Hp240,,,,,,,,,JUNK_DATA,99,"Specification, model, duration, or product code",
manufacturer-hpe-dl110-omw907,Hpe.dl110,,,,,,,,,JUNK_DATA,99,"Specification, model, duration, or product code",
manufacturer-hpe-dl3xx-omwc8q,Hpe.dl3xx,,,,,,,,,JUNK_DATA,99,"Specification, model, duration, or product code",
manufacturer-hudebni-mq4mx9,Hudební,,,,,,,,,JUNK_DATA,99,Broken character encoding (mojibake),
manufacturer-hviezdicova-cbjzik,Hviezdicová,,,,,,,,,JUNK_DATA,99,Broken character encoding (mojibake),
manufacturer-hviezdicovy-cbjzjc,Hviezdicový,,,,,,,,,JUNK_DATA,99,Broken character encoding (mojibake),
manufacturer-hyper-z1ahi6,Hyper®,,,,,,,,,JUNK_DATA,99,Broken character encoding (mojibake),
manufacturer-ihlickova-vjpwf4,Ihličková,,,,,,,,,JUNK_DATA,99,Broken character encoding (mojibake),
manufacturer-in-1tx,In,,,,,,,,,JUNK_DATA,92,Generic product/category/attribute term,
manufacturer-incredible-epf3mj,Incredible,,,,,,,,,JUNK_DATA,92,Generic product/category/attribute term,
manufacturer-instalacia-hrop3x,Inštalácia,,,,,,,,,JUNK_DATA,99,Broken character encoding (mojibake),
manufacturer-instalacna-hpih2a,Inštalačná,,,,,,,,,JUNK_DATA,99,Broken character encoding (mojibake),
manufacturer-instalacny-hpih32,Inštalačný,,,,,,,,,JUNK_DATA,99,Broken character encoding (mojibake),
manufacturer-int-1kun,Int,,,,,,,,,JUNK_DATA,92,Generic product/category/attribute term,
manufacturer-integracna-1ibtr4,Integračná,,,,,,,,,JUNK_DATA,99,Broken character encoding (mojibake),
manufacturer-intel-yq81u0,Intel®,,,,,,,,,JUNK_DATA,99,Broken character encoding (mojibake),
manufacturer-inteligentny-t39ysa,Inteligentný,,,,,,,,,JUNK_DATA,99,Broken character encoding (mojibake),
manufacturer-interne-b48o3t,Interné,,,,,,,,,JUNK_DATA,99,Broken character encoding (mojibake),
manufacturer-interny-b48o39,Interný,,,,,,,,,JUNK_DATA,99,Broken character encoding (mojibake),
manufacturer-inzinierske-je1rnv,Inžinierske,,,,,,,,,JUNK_DATA,99,Broken character encoding (mojibake),
manufacturer-ip-1tz,Ip,,,,,,,,,JUNK_DATA,92,Generic product/category/attribute term,
manufacturer-ipad-1czhm,Ipad,,,,,,,,,JUNK_DATA,92,Generic product/category/attribute term,
manufacturer-iphone-ypbx2z,Iphone,,,,,,,,,JUNK_DATA,92,Generic product/category/attribute term,
manufacturer-jednoduchy-cty7h9,Jednoduchý,,,,,,,,,JUNK_DATA,99,Broken character encoding (mojibake),
manufacturer-jednorazove-m26bi7,Jednorazové,,,,,,,,,JUNK_DATA,99,Broken character encoding (mojibake),
manufacturer-jednoslotova-ovi1ou,Jednoslotová,,,,,,,,,JUNK_DATA,99,Broken character encoding (mojibake),
manufacturer-jednotka-t6k6sg,Jednotka,,,,,,,,,JUNK_DATA,92,Generic product/category/attribute term,
manufacturer-kamera-xzelkz,Kamera,,,,,,,,,JUNK_DATA,92,Generic product/category/attribute term,
manufacturer-kancelarske-l2s4nq,Kancelárske,,,,,,,,,JUNK_DATA,99,Broken character encoding (mojibake),
manufacturer-kancelarsky-kyomkl,Kancelářský,,,,,,,,,JUNK_DATA,99,Broken character encoding (mojibake),
manufacturer-kancelarsky-l2s4n6,Kancelársky,,,,,,,,,JUNK_DATA,99,Broken character encoding (mojibake),
manufacturer-karcher-31m60b,Kärcher,,,,,,,,,JUNK_DATA,99,Broken character encoding (mojibake),
manufacturer-karta-170xm1,Karta,,,,,,,,,JUNK_DATA,92,Generic product/category/attribute term,
manufacturer-kaskadovy-n0kput,Kaskádový,,,,,,,,,JUNK_DATA,99,Broken character encoding (mojibake),
manufacturer-kazeta-xz6ape,Kazeta,,,,,,,,,JUNK_DATA,92,Generic product/category/attribute term,
manufacturer-keramicka-oxp73g,Keramická,,,,,,,,,JUNK_DATA,99,Broken character encoding (mojibake),
manufacturer-kiosk-175z9l,Kiosk,,,,,,,,,JUNK_DATA,92,Generic product/category/attribute term,
manufacturer-kit-1e4om,"Kit,",,,,,,,,,JUNK_DATA,98,Malformed leading/trailing punctuation,
manufacturer-klavesnica-zfksxv,Klávesnica,,,,,,,,,JUNK_DATA,99,Broken character encoding (mojibake),
manufacturer-kleste-xtcrwc,Kleště,,,,,,,,,JUNK_DATA,99,Broken character encoding (mojibake),
manufacturer-kloubovy-yd9ts5,Kloubový,,,,,,,,,JUNK_DATA,99,Broken character encoding (mojibake),
manufacturer-kluc-1im06,Kľúč,,,,,,,,,JUNK_DATA,99,Broken character encoding (mojibake),
manufacturer-kobercova-uf0vqa,Kobercová,,,,,,,,,JUNK_DATA,99,Broken character encoding (mojibake),
manufacturer-koliska-inm0ro,Kolíska,,,,,,,,,JUNK_DATA,99,Broken character encoding (mojibake),
manufacturer-kombinacia-4e67nc,Kombinácia,,,,,,,,,JUNK_DATA,99,Broken character encoding (mojibake),
manufacturer-kombinovany-7l836d,Kombinovaný,,,,,,,,,JUNK_DATA,99,Broken character encoding (mojibake),
manufacturer-kompletne-g3ppgx,Kompletné,,,,,,,,,JUNK_DATA,99,Broken character encoding (mojibake),
manufacturer-komunikacny-sa3b7l,Komunikačný,,,,,,,,,JUNK_DATA,99,Broken character encoding (mojibake),
manufacturer-konektor-8y8jbb,Konektor,,,,,,,,,JUNK_DATA,92,Generic product/category/attribute term,
manufacturer-konferencna-ku7mni,Konferenčná,,,,,,,,,JUNK_DATA,99,Broken character encoding (mojibake),
manufacturer-konferencny-ku7moa,Konferenčný,,,,,,,,,JUNK_DATA,99,Broken character encoding (mojibake),
manufacturer-konfiguracia-vt6hfz,Konfigurácia,,,,,,,,,JUNK_DATA,99,Broken character encoding (mojibake),
manufacturer-konvergovany-qkibtn,Konvergovaný,,,,,,,,,JUNK_DATA,99,Broken character encoding (mojibake),
manufacturer-konzultacny-muk4jc,Konzultačný,,,,,,,,,JUNK_DATA,99,Broken character encoding (mojibake),
manufacturer-korkova-iolpfh,Korková,,,,,,,,,JUNK_DATA,99,Broken character encoding (mojibake),
manufacturer-korkove-iolpfp,Korkové,,,,,,,,,JUNK_DATA,99,Broken character encoding (mojibake),
manufacturer-kovova-xrjis8,Kovová,,,,,,,,,JUNK_DATA,99,Broken character encoding (mojibake),
manufacturer-kovove-xrjis0,Kovové,,,,,,,,,JUNK_DATA,99,Broken character encoding (mojibake),
manufacturer-kovovy-xrjirg,Kovový,,,,,,,,,JUNK_DATA,99,Broken character encoding (mojibake),
manufacturer-kozene-xmv5ui,Kožené,,,,,,,,,JUNK_DATA,99,Broken character encoding (mojibake),
manufacturer-krasny-xnzqm0,Krásný,,,,,,,,,JUNK_DATA,99,Broken character encoding (mojibake),
manufacturer-kratky-xnzq1k,Krátky,,,,,,,,,JUNK_DATA,99,Broken character encoding (mojibake),
manufacturer-krimpovaci-z6s7pb,Krimpovací,,,,,,,,,JUNK_DATA,99,Broken character encoding (mojibake),
manufacturer-kruteny-m6o4lv,Krútený,,,,,,,,,JUNK_DATA,99,Broken character encoding (mojibake),
manufacturer-kruzkovy-ihzjgq,Krúžkový,,,,,,,,,JUNK_DATA,99,Broken character encoding (mojibake),
manufacturer-kryt-1ebj6,Kryt,,,,,,,,,JUNK_DATA,92,Generic product/category/attribute term,
manufacturer-kufrik-xoiu18,Kufrík,,,,,,,,,JUNK_DATA,99,Broken character encoding (mojibake),
manufacturer-kupa-1h45c,Kúpa,,,,,,,,,JUNK_DATA,99,Broken character encoding (mojibake),
manufacturer-kvalitni-ym4o0w,Kvalitní,,,,,,,,,JUNK_DATA,99,Broken character encoding (mojibake),
manufacturer-laminator-qjwmj1,Laminátor,,,,,,,,,JUNK_DATA,99,Broken character encoding (mojibake),
manufacturer-lan-1mrd,Lan,,,,,,,,,JUNK_DATA,92,Generic product/category/attribute term,
manufacturer-laserova-na4ddd,Laserová,,,,,,,,,JUNK_DATA,99,Broken character encoding (mojibake),
manufacturer-laserovy-na4dcl,Laserový,,,,,,,,,JUNK_DATA,99,Broken character encoding (mojibake),
manufacturer-lcd-1mst,Lcd,,,,,,,,,JUNK_DATA,92,Generic product/category/attribute term,
manufacturer-levny-17nd3g,Levný,,,,,,,,,JUNK_DATA,99,Broken character encoding (mojibake),
manufacturer-licencia-fj52vg,Licencia,,,,,,,,,JUNK_DATA,92,Generic product/category/attribute term,
manufacturer-licencie-fj52vk,Licencie,,,,,,,,,JUNK_DATA,92,Generic product/category/attribute term,
manufacturer-licencna-fj8l5d,Licenčná,,,,,,,,,JUNK_DATA,99,Broken character encoding (mojibake),
manufacturer-lightroom-qj8hf3,Lightroom,,,,,,,,,JUNK_DATA,92,Generic product/category/attribute term,
manufacturer-lista-17urbl,Lišta,,,,,,,,,JUNK_DATA,99,Broken character encoding (mojibake),
manufacturer-litiova-m0mmkk,Lítiová,,,,,,,,,JUNK_DATA,99,Broken character encoding (mojibake),
manufacturer-logisticka-6qxt92,Logistická,,,,,,,,,JUNK_DATA,99,Broken character encoding (mojibake),
manufacturer-long-1ew0s,Long,,,,,,,,,JUNK_DATA,92,Generic product/category/attribute term,
manufacturer-lupa-1f0ii,Lupa,,,,,,,,,JUNK_DATA,92,Generic product/category/attribute term,
manufacturer-luxusni-yqd3qs,Luxusní,,,,,,,,,JUNK_DATA,99,Broken character encoding (mojibake),
manufacturer-magenta-tsi2yf,Magenta,,,,,,,,,JUNK_DATA,92,Generic product/category/attribute term,
manufacturer-magnetic-bf8c,Magnetic,,,,,,,,,JUNK_DATA,92,Generic product/category/attribute term,
manufacturer-magneticka-8gxipy,Magnetická,,,,,,,,,JUNK_DATA,99,Broken character encoding (mojibake),
manufacturer-magneticky-8gxip6,Magnetický,,,,,,,,,JUNK_DATA,99,Broken character encoding (mojibake),
manufacturer-mail-1f8if,Mail,,,,,,,,,JUNK_DATA,92,Generic product/category/attribute term,
manufacturer-makke-1ag0s2,Mäkké,,,,,,,,,JUNK_DATA,99,Broken character encoding (mojibake),
manufacturer-mala-1f8o9,Malá,,,,,,,,,JUNK_DATA,99,Broken character encoding (mojibake),
manufacturer-master-x1781q,Master,,,,,,,,,JUNK_DATA,92,Generic product/category/attribute term,
manufacturer-mega-1fbf6,Mega,,,,,,,,,JUNK_DATA,92,Generic product/category/attribute term,
manufacturer-menic-186zne,Menič,,,,,,,,,JUNK_DATA,99,Broken character encoding (mojibake),
manufacturer-messaging-9brlyc,Messaging,,,,,,,,,JUNK_DATA,92,Generic product/category/attribute term,
manufacturer-metalicky-fnfl6b,Metalický,,,,,,,,,JUNK_DATA,99,Broken character encoding (mojibake),
manufacturer-mi-1x8,Mi,,,,,,,,,JUNK_DATA,92,Generic product/category/attribute term,
manufacturer-mikrofon-motenf,Mikrofón,,,,,,,,,JUNK_DATA,99,Broken character encoding (mojibake),
manufacturer-mobilna-n8jtze,Mobilná,,,,,,,,,JUNK_DATA,99,Broken character encoding (mojibake),
manufacturer-modern-wtrzcx,Modern,,,,,,,,,JUNK_DATA,92,Generic product/category/attribute term,
manufacturer-modul-18d69l,Modul,,,,,,,,,JUNK_DATA,92,Generic product/category/attribute term,
manufacturer-montaz-wtl7i3,Montáž,,,,,,,,,JUNK_DATA,99,Broken character encoding (mojibake),
manufacturer-montazna-454tzc,Montážna,,,,,,,,,JUNK_DATA,99,Broken character encoding (mojibake),
manufacturer-montazny-454tyo,Montážny,,,,,,,,,JUNK_DATA,99,Broken character encoding (mojibake),
manufacturer-motorizovany-p1dw7x,Motorizovaný,,,,,,,,,JUNK_DATA,99,Broken character encoding (mojibake),
manufacturer-motorola-zebra-ms5suy,Motorola/zebra,,,,,,,,,JUNK_DATA,95,"Composite product/category value, not one canonical manufacturer",
manufacturer-mozaika-mvhy16,Mozaika,,,,,,,,,JUNK_DATA,92,Generic product/category/attribute term,
manufacturer-moznost-iwb035,Možnosť,,,,,,,,,JUNK_DATA,99,Broken character encoding (mojibake),
manufacturer-mpp-1nv1,Mpp,,,,,,,,,JUNK_DATA,92,Generic product/category/attribute term,
manufacturer-mr-1xh,Mr,,,,,,,,,JUNK_DATA,92,Generic product/category/attribute term,
manufacturer-ms-1xi,Ms,,,,,,,,,JUNK_DATA,92,Generic product/category/attribute term,
manufacturer-multifinisova-tvrovk,Multifinišová,,,,,,,,,JUNK_DATA,99,Broken character encoding (mojibake),
manufacturer-multifunkcna-6n8akb,Multifunkčná,,,,,,,,,JUNK_DATA,99,Broken character encoding (mojibake),
manufacturer-multifunkcne-6n8akj,Multifunkčné,,,,,,,,,JUNK_DATA,99,Broken character encoding (mojibake),
manufacturer-multifunkcni-6n8akn,Multifunkční,,,,,,,,,JUNK_DATA,99,Broken character encoding (mojibake),
manufacturer-multifunkcny-6n8al3,Multifunkčný,,,,,,,,,JUNK_DATA,99,Broken character encoding (mojibake),
manufacturer-multimedialne-q2lqoo,Multimediálne,,,,,,,,,JUNK_DATA,99,Broken character encoding (mojibake),
manufacturer-multipack-d70hbm,Multipack,,,,,,,,,JUNK_DATA,92,Generic product/category/attribute term,
manufacturer-mx500-18hwlm,Mx500,,,,,,,,,JUNK_DATA,99,"Specification, model, duration, or product code",
manufacturer-mys-1o9h,Myš,,,,,,,,,JUNK_DATA,99,Broken character encoding (mojibake),
manufacturer-nabijaci-sdzm0v,Nabíjací,,,,,,,,,JUNK_DATA,99,Broken character encoding (mojibake),
manufacturer-nabijacia-komunikacna-u382di,Nabíjacia/komunikačná,,,,,,,,,JUNK_DATA,99,Broken character encoding (mojibake),
manufacturer-nabijacia-rob7ye,Nabíjacia,,,,,,,,,JUNK_DATA,99,Broken character encoding (mojibake),
manufacturer-nabijacia-vysielacia-2xm1wj,Nabíjacia/vysielacia,,,,,,,,,JUNK_DATA,99,Broken character encoding (mojibake),
manufacturer-nabijacie-rob7yi,Nabíjacie,,,,,,,,,JUNK_DATA,99,Broken character encoding (mojibake),
manufacturer-nabijacka-roeq26,Nabíjačka,,,,,,,,,JUNK_DATA,99,Broken character encoding (mojibake),
manufacturer-nabijatelny-uotf2f,Nabíjateľný,,,,,,,,,JUNK_DATA,99,Broken character encoding (mojibake),
manufacturer-nabijeci-sdzozn,Nabíjecí,,,,,,,,,JUNK_DATA,99,Broken character encoding (mojibake),
manufacturer-nahlavna-9u2k01,Náhlavná,,,,,,,,,JUNK_DATA,99,Broken character encoding (mojibake),
manufacturer-nahradna-9qs5sd,Náhradná,,,,,,,,,JUNK_DATA,99,Broken character encoding (mojibake),
manufacturer-nahradne-9qs5s5,Náhradné,,,,,,,,,JUNK_DATA,99,Broken character encoding (mojibake),
manufacturer-nahradny-9qs5rl,Náhradný,,,,,,,,,JUNK_DATA,99,Broken character encoding (mojibake),
manufacturer-naklapeci-thrcxu,Naklápěcí,,,,,,,,,JUNK_DATA,99,Broken character encoding (mojibake),
manufacturer-napajacia-edzkf4,Napájacia,,,,,,,,,JUNK_DATA,99,Broken character encoding (mojibake),
manufacturer-napajanie-edzskv,Napájanie,,,,,,,,,JUNK_DATA,99,Broken character encoding (mojibake),
manufacturer-naplne-ulu0e2,Náplne,,,,,,,,,JUNK_DATA,99,Broken character encoding (mojibake),
manufacturer-naramok-pdh2ih,Náramok,,,,,,,,,JUNK_DATA,99,Broken character encoding (mojibake),
manufacturer-nastavitelna-ate39c,Nastaviteľná,,,,,,,,,JUNK_DATA,99,Broken character encoding (mojibake),
manufacturer-nastavitelny-ate3a4,Nastaviteľný,,,,,,,,,JUNK_DATA,99,Broken character encoding (mojibake),
manufacturer-nastenna-4evrae,Nástěnná,,,,,,,,,JUNK_DATA,99,Broken character encoding (mojibake),
manufacturer-nastenne-4evra6,Nástěnné,,,,,,,,,JUNK_DATA,99,Broken character encoding (mojibake),
manufacturer-nastenny-4evr9m,Nástěnný,,,,,,,,,JUNK_DATA,99,Broken character encoding (mojibake),
manufacturer-nastenny-4i3yvo,Nástenný,,,,,,,,,JUNK_DATA,99,Broken character encoding (mojibake),
manufacturer-nasuvny-pckbf4,Násuvný,,,,,,,,,JUNK_DATA,99,Broken character encoding (mojibake),
manufacturer-nb-1xw,Nb,,,,,,,,,JUNK_DATA,92,Generic product/category/attribute term,
manufacturer-nejdelsi-hrf23o,Nejdelší,,,,,,,,,JUNK_DATA,99,Broken character encoding (mojibake),
manufacturer-nejlevnejsi-pbisu9,Nejlevnější,,,,,,,,,JUNK_DATA,99,Broken character encoding (mojibake),
manufacturer-no-1y9,No,,,,,,,,,JUNK_DATA,92,Generic product/category/attribute term,
manufacturer-nort-1g63n,Nort,,,,,,,,,JUNK_DATA,92,Generic product/category/attribute term,
manufacturer-nositelny-kwgwpn,Nositeľný,,,,,,,,,JUNK_DATA,99,Broken character encoding (mojibake),
manufacturer-nosny-18x9xd,Nosný,,,,,,,,,JUNK_DATA,99,Broken character encoding (mojibake),
manufacturer-nouvo-18xbhp,Nouvo,,,,,,,,,JUNK_DATA,92,Generic product/category/attribute term,
manufacturer-nova-1i928b,_nová,,,,,,,,,JUNK_DATA,99,Broken character encoding (mojibake),
manufacturer-novy-1i9293,_nový,,,,,,,,,JUNK_DATA,99,Broken character encoding (mojibake),
manufacturer-noz-1ryw,Nôž,,,,,,,,,JUNK_DATA,99,Broken character encoding (mojibake),
manufacturer-ns-1yd,Ns,,,,,,,,,JUNK_DATA,92,Generic product/category/attribute term,
manufacturer-ns2-1oml,Ns2,,,,,,,,,JUNK_DATA,92,Generic product/category/attribute term,
manufacturer-nsw-1ooi,Nsw,,,,,,,,,JUNK_DATA,92,Generic product/category/attribute term,
manufacturer-nsw2-1g94w,Nsw2,,,,,,,,,JUNK_DATA,92,Generic product/category/attribute term,
manufacturer-ntb-1oos,Ntb,,,,,,,,,JUNK_DATA,92,Generic product/category/attribute term,
manufacturer-obcianska-c7xbf7,Občianska,,,,,,,,,JUNK_DATA,99,Broken character encoding (mojibake),
manufacturer-obcianske-c7xbf3,Občianske,,,,,,,,,JUNK_DATA,99,Broken character encoding (mojibake),
manufacturer-obnova-rvcdcu,_obnova,,,,,,,,,JUNK_DATA,98,Malformed leading/trailing punctuation,
manufacturer-obojstranny-n5a97j,Obojstranný,,,,,,,,,JUNK_DATA,99,Broken character encoding (mojibake),
manufacturer-oboustranny-eyeszw,Oboustranný,,,,,,,,,JUNK_DATA,99,Broken character encoding (mojibake),
manufacturer-ochrana-j5jx2,Ochrana,,,,,,,,,JUNK_DATA,92,Generic product/category/attribute term,
manufacturer-ochranne-ghs5ye,Ochranné,,,,,,,,,JUNK_DATA,99,Broken character encoding (mojibake),
manufacturer-odkupenie-9i9n81,Odkúpenie,,,,,,,,,JUNK_DATA,99,Broken character encoding (mojibake),
manufacturer-odpadova-yp8v4s,Odpadová,,,,,,,,,JUNK_DATA,99,Broken character encoding (mojibake),
manufacturer-odpadovy-yp8v5k,Odpadový,,,,,,,,,JUNK_DATA,99,Broken character encoding (mojibake),
manufacturer-office-w0ljc4,Office,,,,,,,,,JUNK_DATA,92,Generic product/category/attribute term,
manufacturer-oficialni-xqqboe,Oficiální,,,,,,,,,JUNK_DATA,99,Broken character encoding (mojibake),
manufacturer-olovena-4whcms,Olovená,,,,,,,,,JUNK_DATA,99,Broken character encoding (mojibake),
manufacturer-opakovac-97b4iq,Opakovač,,,,,,,,,JUNK_DATA,99,Broken character encoding (mojibake),
manufacturer-opaskove-92zgfq,Opaskové,,,,,,,,,JUNK_DATA,99,Broken character encoding (mojibake),
manufacturer-opticka-6v6gsj,Optická,,,,,,,,,JUNK_DATA,99,Broken character encoding (mojibake),
manufacturer-opticky-6v6gtb,Optický,,,,,,,,,JUNK_DATA,99,Broken character encoding (mojibake),
manufacturer-optika-vuunec,Optika,,,,,,,,,JUNK_DATA,92,Generic product/category/attribute term,
manufacturer-organizer-29xyb9,Organizér,,,,,,,,,JUNK_DATA,99,Broken character encoding (mojibake),
manufacturer-otocny-vsna5q,Otočný,,,,,,,,,JUNK_DATA,99,Broken character encoding (mojibake),
manufacturer-outdoor-98bmqk,Outdoor,,,,,,,,,JUNK_DATA,92,Generic product/category/attribute term,
manufacturer-owa-1pi1,Owa,,,,,,,,,JUNK_DATA,92,Generic product/category/attribute term,
manufacturer-paintshop-anypf8,Paintshop,,,,,,,,,JUNK_DATA,92,Generic product/category/attribute term,
manufacturer-pamat-19rvr1,Pamäť,,,,,,,,,JUNK_DATA,99,Broken character encoding (mojibake),
manufacturer-pamatova-k74rp9,Pamäťová,,,,,,,,,JUNK_DATA,99,Broken character encoding (mojibake),
manufacturer-papierove-v8yxdh,Papierové,,,,,,,,,JUNK_DATA,99,Broken character encoding (mojibake),
manufacturer-pas-1ssi,Pás,,,,,,,,,JUNK_DATA,99,Broken character encoding (mojibake),
manufacturer-pasik-1c1ndw,Pásik,,,,,,,,,JUNK_DATA,99,Broken character encoding (mojibake),
manufacturer-paska-1c1nfc,Páska,,,,,,,,,JUNK_DATA,99,Broken character encoding (mojibake),
manufacturer-pasky-1c1ng0,Pásky,,,,,,,,,JUNK_DATA,99,Broken character encoding (mojibake),
manufacturer-pasove-tnos4g,Pásové,,,,,,,,,JUNK_DATA,99,Broken character encoding (mojibake),
manufacturer-patch-19rxns,Patch,,,,,,,,,JUNK_DATA,92,Generic product/category/attribute term,
manufacturer-pe-1zp,Pe,,,,,,,,,JUNK_DATA,92,Generic product/category/attribute term,
manufacturer-penova-vjygn3,Penová,,,,,,,,,JUNK_DATA,99,Broken character encoding (mojibake),
manufacturer-pero-1h8nm,Pero,,,,,,,,,JUNK_DATA,92,Generic product/category/attribute term,
manufacturer-pevne-19ujgc,Pevné,,,,,,,,,JUNK_DATA,99,Broken character encoding (mojibake),
manufacturer-pevny-19ujgw,Pevný,,,,,,,,,JUNK_DATA,99,Broken character encoding (mojibake),
manufacturer-photoshop-j4s9oo,Photoshop,,,,,,,,,JUNK_DATA,92,Generic product/category/attribute term,
manufacturer-planovanie-m9ndzb,Plánovanie,,,,,,,,,JUNK_DATA,99,Broken character encoding (mojibake),
manufacturer-platforma-6695e,Platforma,,,,,,,,,JUNK_DATA,92,Generic product/category/attribute term,
manufacturer-platinum-w2ofgs,Platinum,,,,,,,,,JUNK_DATA,92,Generic product/category/attribute term,
manufacturer-platno-ve2dkg,Plátno,,,,,,,,,JUNK_DATA,99,Broken character encoding (mojibake),
manufacturer-plechova-xphsto,Plechová,,,,,,,,,JUNK_DATA,99,Broken character encoding (mojibake),
manufacturer-plochy-vg3ipn,Plochý,,,,,,,,,JUNK_DATA,99,Broken character encoding (mojibake),
manufacturer-ply-1pzx,Ply,,,,,,,,,JUNK_DATA,92,Generic product/category/attribute term,
manufacturer-plysova-jujuba,Plyšová,,,,,,,,,JUNK_DATA,99,Broken character encoding (mojibake),
manufacturer-pmi-1q0c,Pmi,,,,,,,,,JUNK_DATA,92,Generic product/category/attribute term,
manufacturer-pocitacka-utcfl5,Počítačka,,,,,,,,,JUNK_DATA,99,Broken character encoding (mojibake),
manufacturer-pocitacovy-vv8luz,Počítačový,,,,,,,,,JUNK_DATA,99,Broken character encoding (mojibake),
manufacturer-poctivy-ktds4g,Poctivý,,,,,,,,,JUNK_DATA,99,Broken character encoding (mojibake),
manufacturer-podavac-kvvffq,Podávač,,,,,,,,,JUNK_DATA,99,Broken character encoding (mojibake),
manufacturer-podavac-zasobnik-1o44wa,Podávač/zásobník,,,,,,,,,JUNK_DATA,99,Broken character encoding (mojibake),
manufacturer-podlahova-flkk6s,Podlahová,,,,,,,,,JUNK_DATA,99,Broken character encoding (mojibake),
manufacturer-podlahovy-flkk60,Podlahový,,,,,,,,,JUNK_DATA,99,Broken character encoding (mojibake),
manufacturer-podlozka-6dr5yk,Podložka,,,,,,,,,JUNK_DATA,99,Broken character encoding (mojibake),
manufacturer-podpora-ktv503,Podpora,,,,,,,,,JUNK_DATA,92,Generic product/category/attribute term,
manufacturer-podstava-6hj1za,Podstava,,,,,,,,,JUNK_DATA,92,Generic product/category/attribute term,
manufacturer-pojizdny-b6zkt7,Pojízdný,,,,,,,,,JUNK_DATA,99,Broken character encoding (mojibake),
manufacturer-pokladnicna-1dgxb2,Pokladničná,,,,,,,,,JUNK_DATA,99,Broken character encoding (mojibake),
manufacturer-police-vehxoi,Police,,,,,,,,,JUNK_DATA,92,Generic product/category/attribute term,
manufacturer-policka-ky89tz,Polička,,,,,,,,,JUNK_DATA,99,Broken character encoding (mojibake),
manufacturer-polohovaci-7k3any,Polohovací,,,,,,,,,JUNK_DATA,99,Broken character encoding (mojibake),
manufacturer-polohovatelny-4gba96,Polohovatelný,,,,,,,,,JUNK_DATA,99,Broken character encoding (mojibake),
manufacturer-polrocna-a9cl1y,Polročná,,,,,,,,,JUNK_DATA,99,Broken character encoding (mojibake),
manufacturer-pomocna-kysegl,Pomocná,,,,,,,,,JUNK_DATA,99,Broken character encoding (mojibake),
manufacturer-popis-1a0snv,Popis,,,,,,,,,JUNK_DATA,92,Generic product/category/attribute term,
manufacturer-popruh-vef6mk,Popruh,,,,,,,,,JUNK_DATA,92,Generic product/category/attribute term,
manufacturer-port-1hg2p,Port,,,,,,,,,JUNK_DATA,92,Generic product/category/attribute term,
manufacturer-portable-d4dfuj,Portable,,,,,,,,,JUNK_DATA,92,Generic product/category/attribute term,
manufacturer-poskozeny-3zx7ls,Poškozený,,,,,,,,,JUNK_DATA,99,Broken character encoding (mojibake),
manufacturer-postscriptova-yzqcnl,Postscriptová,,,,,,,,,JUNK_DATA,99,Broken character encoding (mojibake),
manufacturer-posuvnik-dmcljr,Posuvník,,,,,,,,,JUNK_DATA,99,Broken character encoding (mojibake),
manufacturer-power-1a0xr9,Power,,,,,,,,,JUNK_DATA,92,Generic product/category/attribute term,
manufacturer-powerbank-nwkd3z,Powerbank,,,,,,,,,JUNK_DATA,92,Generic product/category/attribute term,
manufacturer-prachovy-m6j3ce,Prachový,,,,,,,,,JUNK_DATA,99,Broken character encoding (mojibake),
manufacturer-pracovni-m6ehg6,Pracovní,,,,,,,,,JUNK_DATA,99,Broken character encoding (mojibake),
manufacturer-prazdny-o5wfzo,Prázdny,,,,,,,,,JUNK_DATA,99,Broken character encoding (mojibake),
manufacturer-pre-1q4j,Pre,,,,,,,,,JUNK_DATA,92,Generic product/category/attribute term,
manufacturer-predlzena-e6grlf,Predĺžená,,,,,,,,,JUNK_DATA,99,Broken character encoding (mojibake),
manufacturer-predlzenie-1l571z,_predĺženie,,,,,,,,,JUNK_DATA,99,Broken character encoding (mojibake),
manufacturer-predlzenie-ddrcsq,Predĺženie,,,,,,,,,JUNK_DATA,99,Broken character encoding (mojibake),
manufacturer-prehliadac-tobfbj,Prehliadač,,,,,,,,,JUNK_DATA,99,Broken character encoding (mojibake),
manufacturer-prelude-m9hcy5,Prelude,,,,,,,,,JUNK_DATA,92,Generic product/category/attribute term,
manufacturer-premiere-k4u8h3,Premiere,,,,,,,,,JUNK_DATA,92,Generic product/category/attribute term,
manufacturer-premiove-snzysh,Prémiové,,,,,,,,,JUNK_DATA,99,Broken character encoding (mojibake),
manufacturer-premiovy-snzyrx,Prémiový,,,,,,,,,JUNK_DATA,99,Broken character encoding (mojibake),
manufacturer-premium-m9hrg7,Premium,,,,,,,,,JUNK_DATA,92,Generic product/category/attribute term,
manufacturer-prenosna-k46bku,Prenosná,,,,,,,,,JUNK_DATA,99,Broken character encoding (mojibake),
manufacturer-prenosny-k46bk2,Prenosný,,,,,,,,,JUNK_DATA,99,Broken character encoding (mojibake),
manufacturer-prepatova-ija68c,Prepäťová,,,,,,,,,JUNK_DATA,99,Broken character encoding (mojibake),
manufacturer-prepinac-k0ue12,Prepínač,,,,,,,,,JUNK_DATA,99,Broken character encoding (mojibake),
manufacturer-prepinaci-ijuazh,Prepínací,,,,,,,,,JUNK_DATA,99,Broken character encoding (mojibake),
manufacturer-prepojovaci-5ckxes,Prepojovací,,,,,,,,,JUNK_DATA,99,Broken character encoding (mojibake),
manufacturer-prepravni-25dxla,Přepravní,,,,,,,,,JUNK_DATA,99,Broken character encoding (mojibake),
manufacturer-prevodnik-jgnxk4,Prevodník,,,,,,,,,JUNK_DATA,99,Broken character encoding (mojibake),
manufacturer-prevodny-jzs9xl,Prevodný,,,,,,,,,JUNK_DATA,99,Broken character encoding (mojibake),
manufacturer-pridavny-p6gf8k,Přídavný,,,,,,,,,JUNK_DATA,99,Broken character encoding (mojibake),
manufacturer-pridavny-qwwlfn,Prídavný,,,,,,,,,JUNK_DATA,99,Broken character encoding (mojibake),
manufacturer-priehladny-s36qm2,Priehľadný,,,,,,,,,JUNK_DATA,99,Broken character encoding (mojibake),
manufacturer-priemyselna-x1oh2b,Priemyselná,,,,,,,,,JUNK_DATA,99,Broken character encoding (mojibake),
manufacturer-priemyselny-x1oh33,Priemyselný,,,,,,,,,JUNK_DATA,99,Broken character encoding (mojibake),
manufacturer-prijimac-i7yor5,Prijímač,,,,,,,,,JUNK_DATA,99,Broken character encoding (mojibake),
manufacturer-pripad-vak1g8,Prípad,,,,,,,,,JUNK_DATA,99,Broken character encoding (mojibake),
manufacturer-pripojovaci-h573ds,Pripojovací,,,,,,,,,JUNK_DATA,99,Broken character encoding (mojibake),
manufacturer-prislusenstvo-evqwj7,Príslušenstvo,,,,,,,,,JUNK_DATA,99,Broken character encoding (mojibake),
manufacturer-pristavisko-89i0lt,Prístavisko,,,,,,,,,JUNK_DATA,99,Broken character encoding (mojibake),
manufacturer-pristupovy-6wrcjz,Prístupový,,,,,,,,,JUNK_DATA,99,Broken character encoding (mojibake),
manufacturer-procesor-fjy83d,Procesor,,,,,,,,,JUNK_DATA,92,Generic product/category/attribute term,
manufacturer-prodlouzena-ipyec5,Prodloužená,,,,,,,,,JUNK_DATA,99,Broken character encoding (mojibake),
manufacturer-prodlouzeni-j5ed8e,_prodloužení,,,,,,,,,JUNK_DATA,99,Broken character encoding (mojibake),
manufacturer-prodluzovaci-8ezk1y,Prodlužovací,,,,,,,,,JUNK_DATA,99,Broken character encoding (mojibake),
manufacturer-profesionalna-xtz7q7,Profesionálna,,,,,,,,,JUNK_DATA,99,Broken character encoding (mojibake),
manufacturer-profesionalni-xtz7u3,Profesionální,,,,,,,,,JUNK_DATA,99,Broken character encoding (mojibake),
manufacturer-profesionalny-xtz7qv,Profesionálny,,,,,,,,,JUNK_DATA,99,Broken character encoding (mojibake),
manufacturer-projektovy-ie9np,Projektový,,,,,,,,,JUNK_DATA,99,Broken character encoding (mojibake),
manufacturer-promo-1a2oz3,Promo,,,,,,,,,JUNK_DATA,92,Generic product/category/attribute term,
manufacturer-protective-53qimh,Protective,,,,,,,,,JUNK_DATA,92,Generic product/category/attribute term,
manufacturer-prumyslovy-pg9mqk,Průmyslový,,,,,,,,,JUNK_DATA,99,Broken character encoding (mojibake),
manufacturer-ps4-1q41,Ps4,,,,,,,,,JUNK_DATA,99,"Specification, model, duration, or product code",
manufacturer-ps5-1q42,Ps5,,,,,,,,,JUNK_DATA,99,"Specification, model, duration, or product code",
manufacturer-psvr2-1a3h83,Psvr2,,,,,,,,,JUNK_DATA,92,Generic product/category/attribute term,
manufacturer-purpurovy-9viqra,Purpurový,,,,,,,,,JUNK_DATA,99,Broken character encoding (mojibake),
manufacturer-qhora-301w-fgg4af,Qhora-301w,,,,,,,,,JUNK_DATA,99,"Specification, model, duration, or product code",
manufacturer-qhora-322-bydy37,Qhora-322,,,,,,,,,JUNK_DATA,99,"Specification, model, duration, or product code",
manufacturer-qmiro-201w-nxf9t3,Qmiro-201w,,,,,,,,,JUNK_DATA,99,"Specification, model, duration, or product code",
manufacturer-qmiroplus-201w-36nmkt,Qmiroplus-201w,,,,,,,,,JUNK_DATA,99,"Specification, model, duration, or product code",
manufacturer-queen-1ao6x6,Queen,,,,,,,,,JUNK_DATA,92,Generic product/category/attribute term,
manufacturer-rabbit-uoac3q,Rabbit,,,,,,,,,JUNK_DATA,92,Generic product/category/attribute term,
manufacturer-rack-1ifav,Rack,,,,,,,,,JUNK_DATA,92,Generic product/category/attribute term,
manufacturer-radiovy-x4k3qa,Rádiový,,,,,,,,,JUNK_DATA,99,Broken character encoding (mojibake),
manufacturer-ram-1r7i,Ram,,,,,,,,,JUNK_DATA,92,Generic product/category/attribute term,
manufacturer-ram-1u9q,Rám,,,,,,,,,JUNK_DATA,99,Broken character encoding (mojibake),
manufacturer-ramcek-spm4ln,Rámček,,,,,,,,,JUNK_DATA,99,Broken character encoding (mojibake),
manufacturer-ramenny-rcbya2,Ramenný,,,,,,,,,JUNK_DATA,99,Broken character encoding (mojibake),
manufacturer-rameno-uo38wo,Rameno,,,,,,,,,JUNK_DATA,92,Generic product/category/attribute term,
manufacturer-redundantny-8bsqhw,Redundantný,,,,,,,,,JUNK_DATA,99,Broken character encoding (mojibake),
manufacturer-renew-1axyel,Renew,,,,,,,,,JUNK_DATA,92,Generic product/category/attribute term,
manufacturer-retro-1ay35q,Retro,,,,,,,,,JUNK_DATA,92,Generic product/category/attribute term,
manufacturer-rezna-1ay7lm,Rezná,,,,,,,,,JUNK_DATA,99,Broken character encoding (mojibake),
manufacturer-rh-21i,Rh,,,,,,,,,JUNK_DATA,92,Generic product/category/attribute term,
manufacturer-rhel-1ikjh,Rhel,,,,,,,,,JUNK_DATA,92,Generic product/category/attribute term,
manufacturer-robustny-7tbyg0,Robustný,,,,,,,,,JUNK_DATA,99,Broken character encoding (mojibake),
manufacturer-rocna-1b7mgz,Ročná,,,,,,,,,JUNK_DATA,99,Broken character encoding (mojibake),
manufacturer-rog-1rje,Rog,,,,,,,,,JUNK_DATA,92,Generic product/category/attribute term,
manufacturer-rolling-kq4o9n,Rolling,,,,,,,,,JUNK_DATA,92,Generic product/category/attribute term,
manufacturer-rovny-1b4iiw,Rovný,,,,,,,,,JUNK_DATA,99,Broken character encoding (mojibake),
manufacturer-rozbocovac-6eey9i,Rozbočovač,,,,,,,,,JUNK_DATA,99,Broken character encoding (mojibake),
manufacturer-rozdelovac-vrp7ub,Rozdeľovač,,,,,,,,,JUNK_DATA,99,Broken character encoding (mojibake),
manufacturer-rozsirenie-qvzmjx,_rozšírenie,,,,,,,,,JUNK_DATA,99,Broken character encoding (mojibake),
manufacturer-rozsirenie-t67vki,Rozšírenie,,,,,,,,,JUNK_DATA,99,Broken character encoding (mojibake),
manufacturer-rozsiritelny-o6r6xo,Rozšíriteľný,,,,,,,,,JUNK_DATA,99,Broken character encoding (mojibake),
manufacturer-rozsirovac-kmvdwg,Rozširovač,,,,,,,,,JUNK_DATA,99,Broken character encoding (mojibake),
manufacturer-rozsirujuca-bubze,Rozširujúca,,,,,,,,,JUNK_DATA,99,Broken character encoding (mojibake),
manufacturer-rozsirujuce-bubza,Rozširujúce,,,,,,,,,JUNK_DATA,99,Broken character encoding (mojibake),
manufacturer-rozsirujuci-bubz6,Rozširujúci,,,,,,,,,JUNK_DATA,99,Broken character encoding (mojibake),
manufacturer-rozvadzac-twr14m,Rozvádzač,,,,,,,,,JUNK_DATA,99,Broken character encoding (mojibake),
manufacturer-rucna-1bbge5,Ručná,,,,,,,,,JUNK_DATA,99,Broken character encoding (mojibake),
manufacturer-rychle-saho1j,Rýchle,,,,,,,,,JUNK_DATA,99,Broken character encoding (mojibake),
manufacturer-sada-1j2az,Sada,,,,,,,,,JUNK_DATA,92,Generic product/category/attribute term,
manufacturer-safe-1j2ct,Safe,,,,,,,,,JUNK_DATA,92,Generic product/category/attribute term,
manufacturer-samsung-pti2dl,#samsung,,,,,,,,,JUNK_DATA,98,Malformed leading/trailing punctuation,
manufacturer-sd-19u3,:sd,,,,,,,,,JUNK_DATA,98,Malformed leading/trailing punctuation,
manufacturer-security-grkjmo,Security,,,,,,,,,JUNK_DATA,92,Generic product/category/attribute term,
manufacturer-senzor-u4tdjz,Senzor,,,,,,,,,JUNK_DATA,92,Generic product/category/attribute term,
manufacturer-seria-1du4b8,Séria,,,,,,,,,JUNK_DATA,99,Broken character encoding (mojibake),
manufacturer-serverovy-tvkk37,Serverový,,,,,,,,,JUNK_DATA,99,Broken character encoding (mojibake),
manufacturer-servisny-nvn4mn,Servisný,,,,,,,,,JUNK_DATA,99,Broken character encoding (mojibake),
manufacturer-set-1s1u,Set,,,,,,,,,JUNK_DATA,92,Generic product/category/attribute term,
manufacturer-sff-1s2b,Sff,,,,,,,,,JUNK_DATA,92,Generic product/category/attribute term,
manufacturer-sfp-1j69a,Sfp+,,,,,,,,,JUNK_DATA,99,"Specification, model, duration, or product code",
manufacturer-sfp-1s2l,Sfp,,,,,,,,,JUNK_DATA,99,"Specification, model, duration, or product code",
manufacturer-sfp28-1bie77,Sfp28,,,,,,,,,JUNK_DATA,99,"Specification, model, duration, or product code",
manufacturer-sharp-nec-74lozr,Sharp/nec,,,,,,,,,JUNK_DATA,95,"Composite product/category value, not one canonical manufacturer",
manufacturer-shopper-9bbo3d,Shopper,,,,,,,,,JUNK_DATA,92,Generic product/category/attribute term,
manufacturer-sietova-8vfk3g,Sieťová,,,,,,,,,JUNK_DATA,99,Broken character encoding (mojibake),
manufacturer-sietovy-8vfk2o,Sieťový,,,,,,,,,JUNK_DATA,99,Broken character encoding (mojibake),
manufacturer-sifrovanie-tsm05h,Šifrovanie,,,,,,,,,JUNK_DATA,99,Broken character encoding (mojibake),
manufacturer-silikonove-lhuo5r,Silikónové,,,,,,,,,JUNK_DATA,99,Broken character encoding (mojibake),
manufacturer-single-u2mlco,Single,,,,,,,,,JUNK_DATA,92,Generic product/category/attribute term,
manufacturer-skalovatelny-bovdnc,Škálovateľný,,,,,,,,,JUNK_DATA,99,Broken character encoding (mojibake),
manufacturer-skartovac-mnp9pa,Skartovač,,,,,,,,,JUNK_DATA,99,Broken character encoding (mojibake),
manufacturer-skartovaci-7wdavb,Skartovací,,,,,,,,,JUNK_DATA,99,Broken character encoding (mojibake),
manufacturer-skartovacka-vs0s0c,Skartovačka,,,,,,,,,JUNK_DATA,99,Broken character encoding (mojibake),
manufacturer-sklopny-7xutcs,Sklopný,,,,,,,,,JUNK_DATA,99,Broken character encoding (mojibake),
manufacturer-skolni-qai0rr,Školní,,,,,,,,,JUNK_DATA,99,Broken character encoding (mojibake),
manufacturer-skrina-u1g9h4,Skriňa,,,,,,,,,JUNK_DATA,99,Broken character encoding (mojibake),
manufacturer-skupina-7sw6c7,Skupina,,,,,,,,,JUNK_DATA,92,Generic product/category/attribute term,
manufacturer-sle-1s7g,Sle,,,,,,,,,JUNK_DATA,92,Generic product/category/attribute term,
manufacturer-sleeve-hinge-fb-mn5uov,"Sleeve-hinge(fb),",,,,,,,,,JUNK_DATA,98,Malformed leading/trailing punctuation,
manufacturer-sles-1jahz,Sles,,,,,,,,,JUNK_DATA,92,Generic product/category/attribute term,
manufacturer-sluzba-u0p00v,Služba,,,,,,,,,JUNK_DATA,99,Broken character encoding (mojibake),
manufacturer-smart-1bmlk9,Smart,,,,,,,,,JUNK_DATA,92,Generic product/category/attribute term,
manufacturer-snurka-qem9zw,Šnúrka,,,,,,,,,JUNK_DATA,99,Broken character encoding (mojibake),
manufacturer-softver-64vp4b,Softvér,,,,,,,,,JUNK_DATA,99,Broken character encoding (mojibake),
manufacturer-solarna-5znhws,Solárna,,,,,,,,,JUNK_DATA,99,Broken character encoding (mojibake),
manufacturer-spare-1boiif,Spare,,,,,,,,,JUNK_DATA,92,Generic product/category/attribute term,
manufacturer-specialne-99ykbn,Špeciálne,,,,,,,,,JUNK_DATA,99,Broken character encoding (mojibake),
manufacturer-spo-1sb6,Spo,,,,,,,,,JUNK_DATA,92,Generic product/category/attribute term,
manufacturer-spojovaci-d8tfho,Spojovací,,,,,,,,,JUNK_DATA,99,Broken character encoding (mojibake),
manufacturer-spustac-3a4cxf,Spúšťač,,,,,,,,,JUNK_DATA,99,Broken character encoding (mojibake),
manufacturer-standardna-a5a84d,Štandardná,,,,,,,,,JUNK_DATA,99,Broken character encoding (mojibake),
manufacturer-standardny-a5a83l,Štandardný,,,,,,,,,JUNK_DATA,99,Broken character encoding (mojibake),
manufacturer-star-1jgc2,Star,,,,,,,,,JUNK_DATA,92,Generic product/category/attribute term,
manufacturer-startovaci-772pxe,Startovací,,,,,,,,,JUNK_DATA,99,Broken character encoding (mojibake),
manufacturer-startovacia-sraxxs,Štartovacia,,,,,,,,,JUNK_DATA,99,Broken character encoding (mojibake),
manufacturer-stativ-twsswz,Statív,,,,,,,,,JUNK_DATA,99,Broken character encoding (mojibake),
manufacturer-stitky-qhos89,Štítky,,,,,,,,,JUNK_DATA,99,Broken character encoding (mojibake),
manufacturer-stlaceny-rvc8ot,Stlačený,,,,,,,,,JUNK_DATA,99,Broken character encoding (mojibake),
manufacturer-stojan-twk5vb,Stojan,,,,,,,,,JUNK_DATA,92,Generic product/category/attribute term,
manufacturer-stojany-3mwc6o,Stojany,,,,,,,,,JUNK_DATA,92,Generic product/category/attribute term,
manufacturer-stolne-twk3zb,Stolné,,,,,,,,,JUNK_DATA,99,Broken character encoding (mojibake),
manufacturer-stolni-twk3z7,Stolní,,,,,,,,,JUNK_DATA,99,Broken character encoding (mojibake),
manufacturer-stolny-twk3yr,Stolný,,,,,,,,,JUNK_DATA,99,Broken character encoding (mojibake),
manufacturer-stolovy-3murjc,Stolový,,,,,,,,,JUNK_DATA,99,Broken character encoding (mojibake),
manufacturer-streamovaci-gabeu4,Streamovací,,,,,,,,,JUNK_DATA,99,Broken character encoding (mojibake),
manufacturer-stripovaci-81dgi4,Stripovací,,,,,,,,,JUNK_DATA,99,Broken character encoding (mojibake),
manufacturer-stropni-3l5g9b,Stropní,,,,,,,,,JUNK_DATA,99,Broken character encoding (mojibake),
manufacturer-studio-twgg7e,Studio,,,,,,,,,JUNK_DATA,92,Generic product/category/attribute term,
manufacturer-sudrznost-1lr5p8,Súdržnosť,,,,,,,,,JUNK_DATA,99,Broken character encoding (mojibake),
manufacturer-sunmi-tw0xwc,"Sunmi,",,,,,,,,,JUNK_DATA,98,Malformed leading/trailing punctuation,
manufacturer-super-1bs09n,Super,,,,,,,,,JUNK_DATA,92,Generic product/category/attribute term,
manufacturer-suprava-b7a4nx,Súprava,,,,,,,,,JUNK_DATA,99,Broken character encoding (mojibake),
manufacturer-sw2t001-355l79,Sw2t001,,,,,,,,,JUNK_DATA,99,"Specification, model, duration, or product code",
manufacturer-switch-tv0ejw,Switch,,,,,,,,,JUNK_DATA,92,Generic product/category/attribute term,
manufacturer-system-ttqcad,Systém,,,,,,,,,JUNK_DATA,99,Broken character encoding (mojibake),
manufacturer-syty-1madr,Sýty,,,,,,,,,JUNK_DATA,99,Broken character encoding (mojibake),
manufacturer-t6644-1b6cgk,T6644,,,,,,,,,JUNK_DATA,99,"Specification, model, duration, or product code",
manufacturer-taska-batoh-o1evo7,Taška/batoh,,,,,,,,,JUNK_DATA,99,Broken character encoding (mojibake),
manufacturer-telefon-3w38af,Telefón,,,,,,,,,JUNK_DATA,99,Broken character encoding (mojibake),
manufacturer-televizni-oudplw,Televizní,,,,,,,,,JUNK_DATA,99,Broken character encoding (mojibake),
manufacturer-televizny-os1ffg,Televízny,,,,,,,,,JUNK_DATA,99,Broken character encoding (mojibake),
manufacturer-tenky-1c1ju7,Tenký,,,,,,,,,JUNK_DATA,99,Broken character encoding (mojibake),
manufacturer-tepelna-3yag0p,Tepelná,,,,,,,,,JUNK_DATA,99,Broken character encoding (mojibake),
manufacturer-tepelne-3yag0x,Tepelné,,,,,,,,,JUNK_DATA,99,Broken character encoding (mojibake),
manufacturer-termalny-ieo4hq,Termálny,,,,,,,,,JUNK_DATA,99,Broken character encoding (mojibake),
manufacturer-terminal-igsmp0,Terminál,,,,,,,,,JUNK_DATA,99,Broken character encoding (mojibake),
manufacturer-termosublimacna-3ft53i,Termosublimačná,,,,,,,,,JUNK_DATA,99,Broken character encoding (mojibake),
manufacturer-tester-tnoowx,Tester,,,,,,,,,JUNK_DATA,92,Generic product/category/attribute term,
manufacturer-the-1sup,The,,,,,,,,,JUNK_DATA,92,Generic product/category/attribute term,
manufacturer-tip-1svv,Tip,,,,,,,,,JUNK_DATA,92,Generic product/category/attribute term,
manufacturer-tlacidlo-7n2iwy,Tlačidlo,,,,,,,,,JUNK_DATA,99,Broken character encoding (mojibake),
manufacturer-tlacova-74c83a,Tlačová,,,,,,,,,JUNK_DATA,99,Broken character encoding (mojibake),
manufacturer-tlacovy-74c842,Tlačový,,,,,,,,,JUNK_DATA,99,Broken character encoding (mojibake),
manufacturer-toast-1c7o5j,Toast,,,,,,,,,JUNK_DATA,92,Generic product/category/attribute term,
manufacturer-tonerova-frh1l2,Tonerová,,,,,,,,,JUNK_DATA,99,Broken character encoding (mojibake),
manufacturer-top-1t11,Top,,,,,,,,,JUNK_DATA,92,Generic product/category/attribute term,
manufacturer-total-1c81t0,Total,,,,,,,,,JUNK_DATA,92,Generic product/category/attribute term,
manufacturer-triedicka-lfa3r8,Triedička,,,,,,,,,JUNK_DATA,99,Broken character encoding (mojibake),
manufacturer-tsc-1k2ko,"Tsc,",,,,,,,,,JUNK_DATA,98,Malformed leading/trailing punctuation,
manufacturer-tt-23k,Tt,,,,,,,,,JUNK_DATA,92,Generic product/category/attribute term,
manufacturer-tucky-1cbjdc,Tucky,,,,,,,,,JUNK_DATA,92,Generic product/category/attribute term,
manufacturer-turbo-1cbu9q,Turbo,,,,,,,,,JUNK_DATA,92,Generic product/category/attribute term,
manufacturer-tv-23m,Tv,,,,,,,,,JUNK_DATA,92,Generic product/category/attribute term,
manufacturer-tvorba-teescc,Tvorba,,,,,,,,,JUNK_DATA,92,Generic product/category/attribute term,
manufacturer-ubnt-1kd9v,Ubnt,,,,,,,,,JUNK_DATA,92,Generic product/category/attribute term,
manufacturer-uchytenie-jldnty,Uchytenie,,,,,,,,,JUNK_DATA,92,Generic product/category/attribute term,
manufacturer-udrzbova-2dn22a,Údržbová,,,,,,,,,JUNK_DATA,99,Broken character encoding (mojibake),
manufacturer-udrzbovy-2dn21i,Údržbový,,,,,,,,,JUNK_DATA,99,Broken character encoding (mojibake),
manufacturer-ultra-1cpxu4,Ultra,,,,,,,,,JUNK_DATA,92,Generic product/category/attribute term,
manufacturer-ultralahka-a6p2n,Ultraľahká,,,,,,,,,JUNK_DATA,99,Broken character encoding (mojibake),
manufacturer-univerzalna-h8w8gr,Univerzálna,,,,,,,,,JUNK_DATA,99,Broken character encoding (mojibake),
manufacturer-univerzalni-h8w8cv,Univerzální,,,,,,,,,JUNK_DATA,99,Broken character encoding (mojibake),
manufacturer-univerzalny-h8w8g3,Univerzálny,,,,,,,,,JUNK_DATA,99,Broken character encoding (mojibake),
manufacturer-upgrade-z6e4m5,_upgrade,,,,,,,,,JUNK_DATA,98,Malformed leading/trailing punctuation,
manufacturer-usb-1kpjc,"Usb,",,,,,,,,,JUNK_DATA,98,Malformed leading/trailing punctuation,
manufacturer-usb-1tus,Usb,,,,,,,,,JUNK_DATA,92,Generic product/category/attribute term,
manufacturer-usb-c-1ctzqy,Usb-c,,,,,,,,,JUNK_DATA,92,Generic product/category/attribute term,
manufacturer-utp-1tw1,Utp,,,,,,,,,JUNK_DATA,92,Generic product/category/attribute term,
manufacturer-uw-24i,Uw,,,,,,,,,JUNK_DATA,92,Generic product/category/attribute term,
manufacturer-uzamykatelny-60oros,Uzamykatelný,,,,,,,,,JUNK_DATA,99,Broken character encoding (mojibake),
manufacturer-uzamykatelny-60t3em,Uzamykateľný,,,,,,,,,JUNK_DATA,99,Broken character encoding (mojibake),
manufacturer-uzemnovacia-8ug2os,Uzemňovacia,,,,,,,,,JUNK_DATA,99,Broken character encoding (mojibake),
manufacturer-v-2e,V,,,,,,,,,JUNK_DATA,92,Generic product/category/attribute term,
manufacturer-valec-1d2jbz,Valec,,,,,,,,,JUNK_DATA,92,Generic product/category/attribute term,
manufacturer-vazac-1d2tqz,Vazač,,,,,,,,,JUNK_DATA,99,Broken character encoding (mojibake),
manufacturer-velka-1d9f8l,Veľká,,,,,,,,,JUNK_DATA,99,Broken character encoding (mojibake),
manufacturer-venkovni-xrtw3y,Venkovní,,,,,,,,,JUNK_DATA,99,Broken character encoding (mojibake),
manufacturer-ventilator-7oxab6,Ventilátor,,,,,,,,,JUNK_DATA,99,Broken character encoding (mojibake),
manufacturer-veritable-pqz5x8,Véritable,,,,,,,,,JUNK_DATA,99,Broken character encoding (mojibake),
manufacturer-vertikalna-yh7gkv,Vertikálna,,,,,,,,,JUNK_DATA,99,Broken character encoding (mojibake),
manufacturer-vertikalni-yh7ggz,Vertikální,,,,,,,,,JUNK_DATA,99,Broken character encoding (mojibake),
manufacturer-vertikalny-yh7gk7,Vertikálny,,,,,,,,,JUNK_DATA,99,Broken character encoding (mojibake),
manufacturer-vesa-1l2l9,Vesa,,,,,,,,,JUNK_DATA,92,Generic product/category/attribute term,
manufacturer-viacbunkovy-qwwnjj,Viacbunkový,,,,,,,,,JUNK_DATA,99,Broken character encoding (mojibake),
manufacturer-viacfarebne-mdv42i,Viacfarebné,,,,,,,,,JUNK_DATA,99,Broken character encoding (mojibake),
manufacturer-viacnasobne-cnsz53,Viacnásobné,,,,,,,,,JUNK_DATA,99,Broken character encoding (mojibake),
manufacturer-viacportovy-xqieio,Viacportový,,,,,,,,,JUNK_DATA,99,Broken character encoding (mojibake),
manufacturer-viazaci-yzdrgf,Viazací,,,,,,,,,JUNK_DATA,99,Broken character encoding (mojibake),
manufacturer-videokonferencny-efv6gf,Videokonferenčný,,,,,,,,,JUNK_DATA,99,Broken character encoding (mojibake),
manufacturer-visio-1d7siu,Visio,,,,,,,,,JUNK_DATA,92,Generic product/category/attribute term,
manufacturer-vmw-1ugw,Vmw,,,,,,,,,JUNK_DATA,92,Generic product/category/attribute term,
manufacturer-vnutorna-morpig,Vnútorná,,,,,,,,,JUNK_DATA,99,Broken character encoding (mojibake),
manufacturer-vodny-1dbbju,Vodný,,,,,,,,,JUNK_DATA,99,Broken character encoding (mojibake),
manufacturer-volitelna-7mksqe,Voliteľná,,,,,,,,,JUNK_DATA,99,Broken character encoding (mojibake),
manufacturer-volitelny-7mkspm,Voliteľný,,,,,,,,,JUNK_DATA,99,Broken character encoding (mojibake),
manufacturer-vonkajsi-t2c6qd,Vonkajší,,,,,,,,,JUNK_DATA,99,Broken character encoding (mojibake),
manufacturer-vozik-1dbusf,Vozík,,,,,,,,,JUNK_DATA,99,Broken character encoding (mojibake),
manufacturer-vozikovy-le54w9,Vozíkový,,,,,,,,,JUNK_DATA,99,Broken character encoding (mojibake),
manufacturer-vr-258,Vr,,,,,,,,,JUNK_DATA,92,Generic product/category/attribute term,
manufacturer-vratenie-1h28h8,Vrátenie,,,,,,,,,JUNK_DATA,99,Broken character encoding (mojibake),
manufacturer-vreckova-al81l5,Vrecková,,,,,,,,,JUNK_DATA,99,Broken character encoding (mojibake),
manufacturer-vreteno-vq89dx,Vreteno,,,,,,,,,JUNK_DATA,92,Generic product/category/attribute term,
manufacturer-vstupny-v0wuu7,Vstupný,,,,,,,,,JUNK_DATA,99,Broken character encoding (mojibake),
manufacturer-vw-25d,Vw,,,,,,,,,JUNK_DATA,92,Generic product/category/attribute term,
manufacturer-vylepseny-5cti61,Vylepšený,,,,,,,,,JUNK_DATA,99,Broken character encoding (mojibake),
manufacturer-vyrovnavacia-c2eubr,Vyrovnávacia,,,,,,,,,JUNK_DATA,99,Broken character encoding (mojibake),
manufacturer-vysielac-m0eic4,Vysielač,,,,,,,,,JUNK_DATA,99,Broken character encoding (mojibake),
manufacturer-vyskove-x3o865,Výškově,,,,,,,,,JUNK_DATA,99,Broken character encoding (mojibake),
manufacturer-vysokokapacitna-jsgnu1,Vysokokapacitná,,,,,,,,,JUNK_DATA,99,Broken character encoding (mojibake),
manufacturer-vysokokapacitny-jsgnt9,Vysokokapacitný,,,,,,,,,JUNK_DATA,99,Broken character encoding (mojibake),
manufacturer-vysokorychlostny-qlmtoa,Vysokorýchlostný,,,,,,,,,JUNK_DATA,99,Broken character encoding (mojibake),
manufacturer-vysuvny-yarbfg,Výsuvný,,,,,,,,,JUNK_DATA,99,Broken character encoding (mojibake),
manufacturer-vzduchovy-fo3eg4,Vzduchový,,,,,,,,,JUNK_DATA,99,Broken character encoding (mojibake),
manufacturer-waste-1dmhh6,Waste,,,,,,,,,JUNK_DATA,92,Generic product/category/attribute term,
manufacturer-waster-sar03s,Waster,,,,,,,,,JUNK_DATA,92,Generic product/category/attribute term,
manufacturer-webova-s8urq2,Webová,,,,,,,,,JUNK_DATA,99,Broken character encoding (mojibake),
manufacturer-wg-25s,Wg,,,,,,,,,JUNK_DATA,92,Generic product/category/attribute term,
manufacturer-wild-1lsdm,Wild,,,,,,,,,JUNK_DATA,92,Generic product/category/attribute term,
manufacturer-windows-l6kfj1,Windows,,,,,,,,,JUNK_DATA,92,Generic product/category/attribute term,
manufacturer-winrar-s6fvvd,Winrar,,,,,,,,,JUNK_DATA,92,Generic product/category/attribute term,
manufacturer-wmf-1v74,Wmf,,,,,,,,,JUNK_DATA,92,Generic product/category/attribute term,
manufacturer-wonder-s35elh,Wonder,,,,,,,,,JUNK_DATA,92,Generic product/category/attribute term,
manufacturer-ws50-1dwnlh,"Ws50,",,,,,,,,,JUNK_DATA,98,Malformed leading/trailing punctuation,
manufacturer-x12sae-xxfd1u,"X12sae,",,,,,,,,,JUNK_DATA,98,Malformed leading/trailing punctuation,
manufacturer-x74x-1lcyr,X74x,,,,,,,,,JUNK_DATA,99,"Specification, model, duration, or product code",
manufacturer-xbox-1ma9f,Xbox,,,,,,,,,JUNK_DATA,92,Generic product/category/attribute term,
manufacturer-xone-xsx-sgq730,Xone/xsx,,,,,,,,,JUNK_DATA,95,"Composite product/category value, not one canonical manufacturer",
manufacturer-zakaznicky-z8eytx,Zákaznícky,,,,,,,,,JUNK_DATA,99,Broken character encoding (mojibake),
manufacturer-zakladna-hp0i70,Základňa,,,,,,,,,JUNK_DATA,99,Broken character encoding (mojibake),
manufacturer-zakladne-hp0nay,Základné,,,,,,,,,JUNK_DATA,99,Broken character encoding (mojibake),
manufacturer-zakladnova-sck7dv,Základňová,,,,,,,,,JUNK_DATA,99,Broken character encoding (mojibake),
manufacturer-zalohovanie-76yk1e,Zálohovanie,,,,,,,,,JUNK_DATA,99,Broken character encoding (mojibake),
manufacturer-zalozny-8m60zn,Záložný,,,,,,,,,JUNK_DATA,99,Broken character encoding (mojibake),
manufacturer-zamok-1hjh0i,Zámok,,,,,,,,,JUNK_DATA,99,Broken character encoding (mojibake),
manufacturer-zapisnik-fd44zr,Zápisník,,,,,,,,,JUNK_DATA,99,Broken character encoding (mojibake),
manufacturer-zariadenie-maezdm,Zariadenie,,,,,,,,,JUNK_DATA,92,Generic product/category/attribute term,
manufacturer-zasobnik-duzd0z,Zásobník,,,,,,,,,JUNK_DATA,99,Broken character encoding (mojibake),
manufacturer-zasobnik-podstavec-d8hvm1,Zásobník/podstavec,,,,,,,,,JUNK_DATA,99,Broken character encoding (mojibake),
manufacturer-zasobnik-stojan-ioyqqd,Zásobník/stojan,,,,,,,,,JUNK_DATA,99,Broken character encoding (mojibake),
manufacturer-zasuvka-8pyz43,Zásuvka,,,,,,,,,JUNK_DATA,99,Broken character encoding (mojibake),
manufacturer-zebra-qtpuyi,"Zebra,",,,,,,,,,JUNK_DATA,98,Malformed leading/trailing punctuation,
manufacturer-zlta-6tl18,Žltá,,,,,,,,,JUNK_DATA,99,Broken character encoding (mojibake),
manufacturer-zlty-6tl20,Žltý,,,,,,,,,JUNK_DATA,99,Broken character encoding (mojibake),
manufacturer-zmluva-qp51kp,Zmluva,,,,,,,,,JUNK_DATA,92,Generic product/category/attribute term,
manufacturer-zosita-odkladac-postova-nctnlp,Zošita/odkladač/poštová,,,,,,,,,JUNK_DATA,99,Broken character encoding (mojibake),
manufacturer-zosivacka-k6hx8p,Zošívačka,,,,,,,,,JUNK_DATA,99,Broken character encoding (mojibake),
manufacturer-zosivacka-zasobnik-mhulvf,Zošívačka/zásobník,,,,,,,,,JUNK_DATA,99,Broken character encoding (mojibake),
manufacturer-zvukova-t46je0,Zvuková,,,,,,,,,JUNK_DATA,99,Broken character encoding (mojibake),
