"source_path","target_path","http_status","reason"
"/","/","301","legacy-home"
"/catalogsearch/result/index/?dir=asc&order=relevance&q=pc-periferie+media+dvd-ram-202","/vyhladavanie?q=pc-periferie%20media%20dvd-ram-202","301","legacy-search"
"/catalogsearch/result/index/?mode=list&q=pc-periferie+media+dvd-ram-202","/vyhladavanie?q=pc-periferie%20media%20dvd-ram-202","301","legacy-search"
"/catalogsearch/result/index/?p=2&q=pc-periferie+media+dvd-ram-202","/vyhladavanie?q=pc-periferie%20media%20dvd-ram-202","301","legacy-search"
"/catalogsearch/result/index/?p=3&q=pc-periferie+media+dvd-ram-202","/vyhladavanie?q=pc-periferie%20media%20dvd-ram-202","301","legacy-search"
"/catalogsearch/result/index/?p=4&q=pc-periferie+media+dvd-ram-202","/vyhladavanie?q=pc-periferie%20media%20dvd-ram-202","301","legacy-search"
"/catalogsearch/result/index/?p=5&q=pc-periferie+media+dvd-ram-202","/vyhladavanie?q=pc-periferie%20media%20dvd-ram-202","301","legacy-search"
"/catalogsearch/result/?q=100","/vyhladavanie?q=100","301","legacy-search"
"/catalogsearch/result/?q=13","/vyhladavanie?q=13","301","legacy-search"
"/catalogsearch/result/?q=130","/vyhladavanie?q=130","301","legacy-search"
"/catalogsearch/result/?q=1400","/vyhladavanie?q=1400","301","legacy-search"
"/catalogsearch/result/?q=18+9","/vyhladavanie?q=18%209","301","legacy-search"
"/catalogsearch/result/?q=20+7","/vyhladavanie?q=20%207","301","legacy-search"
"/catalogsearch/result/?q=21","/vyhladavanie?q=21","301","legacy-search"
"/catalogsearch/result/?q=22","/vyhladavanie?q=22","301","legacy-search"
"/catalogsearch/result/?q=27+2","/vyhladavanie?q=27%202","301","legacy-search"
"/catalogsearch/result/?q=27+9","/vyhladavanie?q=27%209","301","legacy-search"
"/catalogsearch/result/?q=35","/vyhladavanie?q=35","301","legacy-search"
"/catalogsearch/result/?q=40","/vyhladavanie?q=40","301","legacy-search"
"/catalogsearch/result/?q=42","/vyhladavanie?q=42","301","legacy-search"
"/catalogsearch/result/?q=49","/vyhladavanie?q=49","301","legacy-search"
"/catalogsearch/result/?q=5+km","/vyhladavanie?q=5%20km","301","legacy-search"
"/catalogsearch/result/?q=50","/vyhladavanie?q=50","301","legacy-search"
"/catalogsearch/result/?q=8+4","/vyhladavanie?q=8%204","301","legacy-search"
"/catalogsearch/result/?q=86","/vyhladavanie?q=86","301","legacy-search"
"/catalogsearch/result/?q=9+km","/vyhladavanie?q=9%20km","301","legacy-search"
"/catalogsearch/result/?q=amd+athlon","/vyhladavanie?q=amd%20athlon","301","legacy-search"
"/catalogsearch/result/?q=amd+epyc","/vyhladavanie?q=amd%20epyc","301","legacy-search"
"/catalogsearch/result/?q=americke+chladnicky","/vyhladavanie?q=americke%20chladnicky","301","legacy-search"
"/catalogsearch/result/?q=aroma+difuzery","/vyhladavanie?q=aroma%20difuzery","301","legacy-search"
"/catalogsearch/result/?q=auto-moto+garmin-gps-navigace-zumo-595-lifetime-europe45","/vyhladavanie?q=auto-moto%20garmin-gps-navigace-zumo-595-lifetime-europe45","301","legacy-search"
"/catalogsearch/result/?q=auto-moto+navigacia-gps","/vyhladavanie?q=auto-moto%20navigacia-gps","301","legacy-search"
"/catalogsearch/result/?q=auto-moto+navigacia-gps+pre-motocykle","/vyhladavanie?q=auto-moto%20navigacia-gps%20pre-motocykle","301","legacy-search"
"/catalogsearch/result/?q=autochladnicky","/vyhladavanie?q=autochladnicky","301","legacy-search"
"/catalogsearch/result/?q=autoradia","/vyhladavanie?q=autoradia","301","legacy-search"
"/catalogsearch/result/?q=babiky","/vyhladavanie?q=babiky","301","legacy-search"
"/catalogsearch/result/?q=benzinove+rotacne+kosacky","/vyhladavanie?q=benzinove%20rotacne%20kosacky","301","legacy-search"
"/catalogsearch/result/?q=bez+vazby+na+jazyk","/vyhladavanie?q=bez%20vazby%20na%20jazyk","301","legacy-search"
"/catalogsearch/result/?q=bezpecnostne+schranky","/vyhladavanie?q=bezpecnostne%20schranky","301","legacy-search"
"/catalogsearch/result/?q=brusenie+a+hoblovanie","/vyhladavanie?q=brusenie%20a%20hoblovanie","301","legacy-search"
"/catalogsearch/result/?q=brusne+pasy","/vyhladavanie?q=brusne%20pasy","301","legacy-search"
"/catalogsearch/result/?q=bubnove+kosacky","/vyhladavanie?q=bubnove%20kosacky","301","legacy-search"
"/catalogsearch/result/?q=cerpadla+a+domace+vodarne","/vyhladavanie?q=cerpadla%20a%20domace%20vodarne","301","legacy-search"
"/catalogsearch/result/?q=ceruzky+na+oci+a+obocie","/vyhladavanie?q=ceruzky%20na%20oci%20a%20obocie","301","legacy-search"
"/catalogsearch/result/?q=charita","/vyhladavanie?q=charita","301","legacy-search"
"/catalogsearch/result/?q=chladiace+skrine","/vyhladavanie?q=chladiace%20skrine","301","legacy-search"
"/catalogsearch/result/?q=chladiace+vitriny","/vyhladavanie?q=chladiace%20vitriny","301","legacy-search"
"/catalogsearch/result/?q=chladnicky+bez+mraznicky","/vyhladavanie?q=chladnicky%20bez%20mraznicky","301","legacy-search"
"/catalogsearch/result/?q=chladnicky+na+napoje","/vyhladavanie?q=chladnicky%20na%20napoje","301","legacy-search"
"/catalogsearch/result/?q=cistenie+pleti","/vyhladavanie?q=cistenie%20pleti","301","legacy-search"
"/catalogsearch/result/?q=cisticky+vzduchu","/vyhladavanie?q=cisticky%20vzduchu","301","legacy-search"
"/catalogsearch/result/?q=damske+bicykle","/vyhladavanie?q=damske%20bicykle","301","legacy-search"
"/catalogsearch/result/?q=datalogic-pm9600-hp-high-performance-rs-232-kit-2d-kit-rs232-rb-542616","/vyhladavanie?q=datalogic-pm9600-hp-high-performance-rs-232-kit-2d-kit-rs232-rb-542616","301","legacy-search"
"/catalogsearch/result/?q=datalogic-quickscan-qd2500-2d-multiif-digimarc-sada-usb-cierna-541876","/vyhladavanie?q=datalogic-quickscan-qd2500-2d-multiif-digimarc-sada-usb-cierna-541876","301","legacy-search"
"/catalogsearch/result/?q=dekoracie","/vyhladavanie?q=dekoracie","301","legacy-search"
"/catalogsearch/result/?q=desktop","/vyhladavanie?q=desktop","301","legacy-search"
"/catalogsearch/result/?q=detske+bicykle","/vyhladavanie?q=detske%20bicykle","301","legacy-search"
"/catalogsearch/result/?q=detske+elektricke+kefky","/vyhladavanie?q=detske%20elektricke%20kefky","301","legacy-search"
"/catalogsearch/result/?q=detske+ihriska","/vyhladavanie?q=detske%20ihriska","301","legacy-search"
"/catalogsearch/result/?q=detske+supravy","/vyhladavanie?q=detske%20supravy","301","legacy-search"
"/catalogsearch/result/?q=diagnosticke+testy","/vyhladavanie?q=diagnosticke%20testy","301","legacy-search"
"/catalogsearch/result/?q=diagnosticke+vahy","/vyhladavanie?q=diagnosticke%20vahy","301","legacy-search"
"/catalogsearch/result/?q=dielenske+naradie","/vyhladavanie?q=dielenske%20naradie","301","legacy-search"
"/catalogsearch/result/?q=dielensky+nabytok+a+vybavenie","/vyhladavanie?q=dielensky%20nabytok%20a%20vybavenie","301","legacy-search"
"/catalogsearch/result/?q=digitalne+teplomery","/vyhladavanie?q=digitalne%20teplomery","301","legacy-search"
"/catalogsearch/result/?q=dom-a-zahrada+autoziarovky","/vyhladavanie?q=dom-a-zahrada%20autoziarovky","301","legacy-search"
"/catalogsearch/result/?q=dom-a-zahrada+autoziarovky+ambientne-osvetlenie","/vyhladavanie?q=dom-a-zahrada%20autoziarovky%20ambientne-osvetlenie","301","legacy-search"
"/catalogsearch/result/?q=dom-a-zahrada+autoziarovky+osvetlenie-interieru","/vyhladavanie?q=dom-a-zahrada%20autoziarovky%20osvetlenie-interieru","301","legacy-search"
"/catalogsearch/result/?q=dom-a-zahrada+autoziarovky+pracovne-svietidla","/vyhladavanie?q=dom-a-zahrada%20autoziarovky%20pracovne-svietidla","301","legacy-search"
"/catalogsearch/result/?q=dom-a-zahrada+dielna+sety-naradia","/vyhladavanie?q=dom-a-zahrada%20dielna%20sety-naradia","301","legacy-search"
"/catalogsearch/result/?q=dom-a-zahrada+dielna-a-stavba+elektrocentraly","/vyhladavanie?q=dom-a-zahrada%20dielna-a-stavba%20elektrocentraly","301","legacy-search"
"/catalogsearch/result/?q=dom-a-zahrada+garaz+autoziarovky+osram-box-s-nahradami-h7-24v-px26d-eurobox","/vyhladavanie?q=dom-a-zahrada%20garaz%20autoziarovky%20osram-box-s-nahradami-h7-24v-px26d-eurobox","301","legacy-search"
"/catalogsearch/result/?q=dom-a-zahrada+garaz+startovacie-kable+sharks-startovaci-led-kabely-600a","/vyhladavanie?q=dom-a-zahrada%20garaz%20startovacie-kable%20sharks-startovaci-led-kabely-600a","301","legacy-search"
"/catalogsearch/result/?q=dom-a-zahrada+tesla-smart-sensor-temperature-and-humidity-bazar-rozbaleno","/vyhladavanie?q=dom-a-zahrada%20tesla-smart-sensor-temperature-and-humidity-bazar-rozbaleno","301","legacy-search"
"/catalogsearch/result/?q=dom-a-zahrada+ventus-827-meteorologicka-stanice","/vyhladavanie?q=dom-a-zahrada%20ventus-827-meteorologicka-stanice","301","legacy-search"
"/catalogsearch/result/?q=dom-a-zahrada+xiaomi-mi-temperature-and-humidity-monitor","/vyhladavanie?q=dom-a-zahrada%20xiaomi-mi-temperature-and-humidity-monitor","301","legacy-search"
"/catalogsearch/result/?q=dom-a-zahrada+zabezpecovacia-technika+domove-alarmy-141","/vyhladavanie?q=dom-a-zahrada%20zabezpecovacia-technika%20domove-alarmy-141","301","legacy-search"
"/catalogsearch/result/?q=dom-a-zahrada+zabezpecovacia-technika+domove-alarmy-167","/vyhladavanie?q=dom-a-zahrada%20zabezpecovacia-technika%20domove-alarmy-167","301","legacy-search"
"/catalogsearch/result/?q=dom-a-zahrada+zabezpecovacia-technika+domove-alarmy-183","/vyhladavanie?q=dom-a-zahrada%20zabezpecovacia-technika%20domove-alarmy-183","301","legacy-search"
"/catalogsearch/result/?q=dom-a-zahrada+zabezpecovacia-technika+domove-alarmy-199","/vyhladavanie?q=dom-a-zahrada%20zabezpecovacia-technika%20domove-alarmy-199","301","legacy-search"
"/catalogsearch/result/?q=dom-a-zahrada+zabezpecovacia-technika+domove-alarmy-214","/vyhladavanie?q=dom-a-zahrada%20zabezpecovacia-technika%20domove-alarmy-214","301","legacy-search"
"/catalogsearch/result/?q=dom-a-zahrada+zabezpecovacia-technika+domove-alarmy-23","/vyhladavanie?q=dom-a-zahrada%20zabezpecovacia-technika%20domove-alarmy-23","301","legacy-search"
"/catalogsearch/result/?q=dom-a-zahrada+zabezpecovacia-technika+domove-alarmy-234","/vyhladavanie?q=dom-a-zahrada%20zabezpecovacia-technika%20domove-alarmy-234","301","legacy-search"
"/catalogsearch/result/?q=dom-a-zahrada+zabezpecovacia-technika+domove-alarmy-64","/vyhladavanie?q=dom-a-zahrada%20zabezpecovacia-technika%20domove-alarmy-64","301","legacy-search"
"/catalogsearch/result/?q=dom-a-zahrada+zabezpecovacia-technika+videotelefony-a-kukatka+veria-7076c-cerny-lcd-monitor-videotelefonu","/vyhladavanie?q=dom-a-zahrada%20zabezpecovacia-technika%20videotelefony-a-kukatka%20veria-7076c-cerny-lcd-monitor-videotelefonu","301","legacy-search"
"/catalogsearch/result/?q=dom-a-zahrada+zabezpecovacia-technika+videotelefony-a-kukatka+veria-7077b-bily-lcd-monitor-videotelefonu","/vyhladavanie?q=dom-a-zahrada%20zabezpecovacia-technika%20videotelefony-a-kukatka%20veria-7077b-bily-lcd-monitor-videotelefonu","301","legacy-search"
"/catalogsearch/result/?q=dom-a-zahrada+zabezpecovacia-technika+videotelefony-a-kukatka+veria-7077c-cerny-lcd-monitor-videotelefonu","/vyhladavanie?q=dom-a-zahrada%20zabezpecovacia-technika%20videotelefony-a-kukatka%20veria-7077c-cerny-lcd-monitor-videotelefonu","301","legacy-search"
"/catalogsearch/result/?q=dom-a-zahrada+zabezpecovacia-technika+videotelefony-a-kukatka+veria-7091b-bily-lcd-monitor-videotelefonu","/vyhladavanie?q=dom-a-zahrada%20zabezpecovacia-technika%20videotelefony-a-kukatka%20veria-7091b-bily-lcd-monitor-videotelefonu","301","legacy-search"
"/catalogsearch/result/?q=dom-a-zahrada+zahrada+prislusenstvo-k-bazenom","/vyhladavanie?q=dom-a-zahrada%20zahrada%20prislusenstvo-k-bazenom","301","legacy-search"
"/catalogsearch/result/?q=dom-a-zahrada+zahradny-nabytok+lapace-hmyzu","/vyhladavanie?q=dom-a-zahrada%20zahradny-nabytok%20lapace-hmyzu","301","legacy-search"
"/catalogsearch/result/?q=domove+alarmy","/vyhladavanie?q=domove%20alarmy","301","legacy-search"
"/catalogsearch/result/?q=doplnky","/vyhladavanie?q=doplnky","301","legacy-search"
"/catalogsearch/result/?q=doplnky+do+vody","/vyhladavanie?q=doplnky%20do%20vody","301","legacy-search"
"/catalogsearch/result/?q=doplnky+ku+kufrom","/vyhladavanie?q=doplnky%20ku%20kufrom","301","legacy-search"
"/catalogsearch/result/?q=doplnky+pre+domacnost","/vyhladavanie?q=doplnky%20pre%20domacnost","301","legacy-search"
"/catalogsearch/result/?q=doplnky+pre+maznacikov","/vyhladavanie?q=doplnky%20pre%20maznacikov","301","legacy-search"
"/catalogsearch/result/?q=drevene+modely","/vyhladavanie?q=drevene%20modely","301","legacy-search"
"/catalogsearch/result/?q=drvice","/vyhladavanie?q=drvice","301","legacy-search"
"/catalogsearch/result/?q=dvb+c+tunery","/vyhladavanie?q=dvb%20c%20tunery","301","legacy-search"
"/catalogsearch/result/?q=elektricke+panvice","/vyhladavanie?q=elektricke%20panvice","301","legacy-search"
"/catalogsearch/result/?q=elektricke+sporaky","/vyhladavanie?q=elektricke%20sporaky","301","legacy-search"
"/catalogsearch/result/?q=elektronika+pre+zdravie","/vyhladavanie?q=elektronika%20pre%20zdravie","301","legacy-search"
"/catalogsearch/result/?q=epilatory+a+depilatory","/vyhladavanie?q=epilatory%20a%20depilatory","301","legacy-search"
"/catalogsearch/result/?q=feny","/vyhladavanie?q=feny","301","legacy-search"
"/catalogsearch/result/?q=figurky","/vyhladavanie?q=figurky","301","legacy-search"
"/catalogsearch/result/?q=fitness","/vyhladavanie?q=fitness","301","legacy-search"
"/catalogsearch/result/?q=foto-a-video-technika+optoma-3861rk-ifpd-86-interaktivni-dotykovy-4k-uhd-multidotyk-20prstu-android-antireflexni-tvrzene-sklo","/vyhladavanie?q=foto-a-video-technika%20optoma-3861rk-ifpd-86-interaktivni-dotykovy-4k-uhd-multidotyk-20prstu-android-antireflexni-tvrzene-sklo","301","legacy-search"
"/catalogsearch/result/?q=foto-a-video-technika+optoma-op861rke-ifpd-86-interaktivni-dotykovy-4k-uhd-multidotyk-20prstu-android-antireflexni-tvrzene-sklo","/vyhladavanie?q=foto-a-video-technika%20optoma-op861rke-ifpd-86-interaktivni-dotykovy-4k-uhd-multidotyk-20prstu-android-antireflexni-tvrzene-sklo","301","legacy-search"
"/catalogsearch/result/?q=foto-a-video-technika+optoma-projektor-zu500tst-white-dlp-laser-full-3d-wuxga-5-000-ansi-300-000-1-vga-hdmi-2x10w-speaker","/vyhladavanie?q=foto-a-video-technika%20optoma-projektor-zu500tst-white-dlp-laser-full-3d-wuxga-5-000-ansi-300-000-1-vga-hdmi-2x10w-speaker","301","legacy-search"
"/catalogsearch/result/?q=foto-a-video-technika+pamatove-karty+compactflash-i+pretec-compactflash-card-1gb-type-i-industrial-series-slc-chips","/vyhladavanie?q=foto-a-video-technika%20pamatove-karty%20compactflash-i%20pretec-compactflash-card-1gb-type-i-industrial-series-slc-chips","301","legacy-search"
"/catalogsearch/result/?q=foto-a-video-technika+prislusenstvo-k-fotoaparatom+selfie-tyce","/vyhladavanie?q=foto-a-video-technika%20prislusenstvo-k-fotoaparatom%20selfie-tyce","301","legacy-search"
"/catalogsearch/result/?q=foto-a-video-technika+projektory+1200","/vyhladavanie?q=foto-a-video-technika%20projektory%201200","301","legacy-search"
"/catalogsearch/result/?q=foto-a-video-technika+projektory+15000","/vyhladavanie?q=foto-a-video-technika%20projektory%2015000","301","legacy-search"
"/catalogsearch/result/?q=foto-a-video-technika+projektory+1800","/vyhladavanie?q=foto-a-video-technika%20projektory%201800","301","legacy-search"
"/catalogsearch/result/?q=foto-a-video-technika+projektory+3000","/vyhladavanie?q=foto-a-video-technika%20projektory%203000","301","legacy-search"
"/catalogsearch/result/?q=foto-a-video-technika+projektory+3600","/vyhladavanie?q=foto-a-video-technika%20projektory%203600","301","legacy-search"
"/catalogsearch/result/?q=foto-a-video-technika+projektory+4400","/vyhladavanie?q=foto-a-video-technika%20projektory%204400","301","legacy-search"
"/catalogsearch/result/?q=foto-a-video-technika+projektory+800","/vyhladavanie?q=foto-a-video-technika%20projektory%20800","301","legacy-search"
"/catalogsearch/result/?q=foto-a-video-technika+projektory+svietivost-ansi-1000lm","/vyhladavanie?q=foto-a-video-technika%20projektory%20svietivost-ansi-1000lm","301","legacy-search"
"/catalogsearch/result/?q=foto-a-video-technika+projektory+svietivost-ansi-1200lm","/vyhladavanie?q=foto-a-video-technika%20projektory%20svietivost-ansi-1200lm","301","legacy-search"
"/catalogsearch/result/?q=foto-a-video-technika+projektory+svietivost-ansi-1400lm","/vyhladavanie?q=foto-a-video-technika%20projektory%20svietivost-ansi-1400lm","301","legacy-search"
"/catalogsearch/result/?q=foto-a-video-technika+projektory+svietivost-ansi-15000lm","/vyhladavanie?q=foto-a-video-technika%20projektory%20svietivost-ansi-15000lm","301","legacy-search"
"/catalogsearch/result/?q=foto-a-video-technika+projektory+svietivost-ansi-1500lm","/vyhladavanie?q=foto-a-video-technika%20projektory%20svietivost-ansi-1500lm","301","legacy-search"
"/catalogsearch/result/?q=foto-a-video-technika+projektory+svietivost-ansi-1800lm","/vyhladavanie?q=foto-a-video-technika%20projektory%20svietivost-ansi-1800lm","301","legacy-search"
"/catalogsearch/result/?q=foto-a-video-technika+projektory+svietivost-ansi-2000lm","/vyhladavanie?q=foto-a-video-technika%20projektory%20svietivost-ansi-2000lm","301","legacy-search"
"/catalogsearch/result/?q=foto-a-video-technika+projektory+svietivost-ansi-200lm","/vyhladavanie?q=foto-a-video-technika%20projektory%20svietivost-ansi-200lm","301","legacy-search"
"/catalogsearch/result/?q=foto-a-video-technika+projektory+svietivost-ansi-2200lm","/vyhladavanie?q=foto-a-video-technika%20projektory%20svietivost-ansi-2200lm","301","legacy-search"
"/catalogsearch/result/?q=foto-a-video-technika+projektory+svietivost-ansi-2300lm","/vyhladavanie?q=foto-a-video-technika%20projektory%20svietivost-ansi-2300lm","301","legacy-search"
"/catalogsearch/result/?q=foto-a-video-technika+projektory+svietivost-ansi-2700lm","/vyhladavanie?q=foto-a-video-technika%20projektory%20svietivost-ansi-2700lm","301","legacy-search"
"/catalogsearch/result/?q=foto-a-video-technika+projektory+svietivost-ansi-3000lm","/vyhladavanie?q=foto-a-video-technika%20projektory%20svietivost-ansi-3000lm","301","legacy-search"
"/catalogsearch/result/?q=foto-a-video-technika+projektory+svietivost-ansi-3100lm","/vyhladavanie?q=foto-a-video-technika%20projektory%20svietivost-ansi-3100lm","301","legacy-search"
"/catalogsearch/result/?q=foto-a-video-technika+projektory+svietivost-ansi-3200lm","/vyhladavanie?q=foto-a-video-technika%20projektory%20svietivost-ansi-3200lm","301","legacy-search"
"/catalogsearch/result/?q=foto-a-video-technika+projektory+svietivost-ansi-3300lm","/vyhladavanie?q=foto-a-video-technika%20projektory%20svietivost-ansi-3300lm","301","legacy-search"
"/catalogsearch/result/?q=foto-a-video-technika+projektory+svietivost-ansi-3500lm","/vyhladavanie?q=foto-a-video-technika%20projektory%20svietivost-ansi-3500lm","301","legacy-search"
"/catalogsearch/result/?q=foto-a-video-technika+projektory+svietivost-ansi-3600lm","/vyhladavanie?q=foto-a-video-technika%20projektory%20svietivost-ansi-3600lm","301","legacy-search"
"/catalogsearch/result/?q=foto-a-video-technika+projektory+svietivost-ansi-3800lm","/vyhladavanie?q=foto-a-video-technika%20projektory%20svietivost-ansi-3800lm","301","legacy-search"
"/catalogsearch/result/?q=foto-a-video-technika+projektory+svietivost-ansi-4200lm","/vyhladavanie?q=foto-a-video-technika%20projektory%20svietivost-ansi-4200lm","301","legacy-search"
"/catalogsearch/result/?q=foto-a-video-technika+projektory+svietivost-ansi-4400lm","/vyhladavanie?q=foto-a-video-technika%20projektory%20svietivost-ansi-4400lm","301","legacy-search"
"/catalogsearch/result/?q=foto-a-video-technika+projektory+svietivost-ansi-5000lm","/vyhladavanie?q=foto-a-video-technika%20projektory%20svietivost-ansi-5000lm","301","legacy-search"
"/catalogsearch/result/?q=foto-a-video-technika+projektory+svietivost-ansi-500lm","/vyhladavanie?q=foto-a-video-technika%20projektory%20svietivost-ansi-500lm","301","legacy-search"
"/catalogsearch/result/?q=foto-a-video-technika+projektory+svietivost-ansi-5500lm","/vyhladavanie?q=foto-a-video-technika%20projektory%20svietivost-ansi-5500lm","301","legacy-search"
"/catalogsearch/result/?q=foto-a-video-technika+projektory+svietivost-ansi-6000lm","/vyhladavanie?q=foto-a-video-technika%20projektory%20svietivost-ansi-6000lm","301","legacy-search"
"/catalogsearch/result/?q=foto-a-video-technika+projektory+svietivost-ansi-700lm","/vyhladavanie?q=foto-a-video-technika%20projektory%20svietivost-ansi-700lm","301","legacy-search"
"/catalogsearch/result/?q=foto-a-video-technika+projektory+svietivost-ansi-8000lm","/vyhladavanie?q=foto-a-video-technika%20projektory%20svietivost-ansi-8000lm","301","legacy-search"
"/catalogsearch/result/?q=foto-a-video-technika+projektory+svietivost-ansi-800lm","/vyhladavanie?q=foto-a-video-technika%20projektory%20svietivost-ansi-800lm","301","legacy-search"
"/catalogsearch/result/?q=foto-a-video-technika+projektory+svietivost-ansi-840lm","/vyhladavanie?q=foto-a-video-technika%20projektory%20svietivost-ansi-840lm","301","legacy-search"
"/catalogsearch/result/?q=fritezy","/vyhladavanie?q=fritezy","301","legacy-search"
"/catalogsearch/result/?q=garaz","/vyhladavanie?q=garaz","301","legacy-search"
"/catalogsearch/result/?q=gastro+spotrebice","/vyhladavanie?q=gastro%20spotrebice","301","legacy-search"
"/catalogsearch/result/?q=hmlove+a+denne+svietenie","/vyhladavanie?q=hmlove%20a%20denne%20svietenie","301","legacy-search"
"/catalogsearch/result/?q=hrnceky+a+salky","/vyhladavanie?q=hrnceky%20a%20salky","301","legacy-search"
"/catalogsearch/result/?q=hry+zabava+vyuka","/vyhladavanie?q=hry%20zabava%20vyuka","301","legacy-search"
"/catalogsearch/result/?q=hudobne+nastroje","/vyhladavanie?q=hudobne%20nastroje","301","legacy-search"
"/catalogsearch/result/?q=indukcne+sporaky","/vyhladavanie?q=indukcne%20sporaky","301","legacy-search"
"/catalogsearch/result/?q=inhalatory","/vyhladavanie?q=inhalatory","301","legacy-search"
"/catalogsearch/result/?q=instalacia","/vyhladavanie?q=instalacia","301","legacy-search"
"/catalogsearch/result/?q=intel+20+core+xeon","/vyhladavanie?q=intel%2020%20core%20xeon","301","legacy-search"
"/catalogsearch/result/?q=intel+atom","/vyhladavanie?q=intel%20atom","301","legacy-search"
"/catalogsearch/result/?q=inteligentne-zariadenia+apple-watch-se-gps-44mm-midnight-aluminium-case-with-midnight-sport-band-regular","/vyhladavanie?q=inteligentne-zariadenia%20apple-watch-se-gps-44mm-midnight-aluminium-case-with-midnight-sport-band-regular","301","legacy-search"
"/catalogsearch/result/?q=inteligentne-zariadenia+elektricke-zubne-kefky+ustne-sprchy","/vyhladavanie?q=inteligentne-zariadenia%20elektricke-zubne-kefky%20ustne-sprchy","301","legacy-search"
"/catalogsearch/result/?q=inteligentne-zariadenia+elektricke-zubne-kefky+zubne-kefky","/vyhladavanie?q=inteligentne-zariadenia%20elektricke-zubne-kefky%20zubne-kefky","301","legacy-search"
"/catalogsearch/result/?q=inteligentne-zariadenia+inteligentne-osvetlenie+vonkajsie-pasiky","/vyhladavanie?q=inteligentne-zariadenia%20inteligentne-osvetlenie%20vonkajsie-pasiky","301","legacy-search"
"/catalogsearch/result/?q=inteligentne-zariadenia+tlakomery-a-teplomery+bezkontaktne-teplomery+truelife-care-q7-bezdotykovy-zdravotni-teplomer-rozbaleno","/vyhladavanie?q=inteligentne-zariadenia%20tlakomery-a-teplomery%20bezkontaktne-teplomery%20truelife-care-q7-bezdotykovy-zdravotni-teplomer-rozbaleno","301","legacy-search"
"/catalogsearch/result/?q=inteligentne-zariadenia+tlakomery-a-teplomery+tlakomery-na-rameno+braun-activscan-9-bua7200-tlakomer-na-pazi","/vyhladavanie?q=inteligentne-zariadenia%20tlakomery-a-teplomery%20tlakomery-na-rameno%20braun-activscan-9-bua7200-tlakomer-na-pazi","301","legacy-search"
"/catalogsearch/result/?q=inteligentne-zariadenia+tlakomery-a-teplomery+tlakomery-na-rameno+braun-icheck-7-bpw4500-tlakomer-na-zapesti","/vyhladavanie?q=inteligentne-zariadenia%20tlakomery-a-teplomery%20tlakomery-na-rameno%20braun-icheck-7-bpw4500-tlakomer-na-zapesti","301","legacy-search"
"/catalogsearch/result/?q=inteligentne-zariadenia+tlakomery-a-teplomery+tlakomery-na-rameno+ihealth-clear-bpm1-chytry-tlakomer","/vyhladavanie?q=inteligentne-zariadenia%20tlakomery-a-teplomery%20tlakomery-na-rameno%20ihealth-clear-bpm1-chytry-tlakomer","301","legacy-search"
"/catalogsearch/result/?q=inteligentne-zariadenia+withings-sleep-analyzer","/vyhladavanie?q=inteligentne-zariadenia%20withings-sleep-analyzer","301","legacy-search"
"/catalogsearch/result/?q=inteligentne-zariadenia+yeelight-smart-filament-bulb-st64","/vyhladavanie?q=inteligentne-zariadenia%20yeelight-smart-filament-bulb-st64","301","legacy-search"
"/catalogsearch/result/?q=interier","/vyhladavanie?q=interier","301","legacy-search"
"/catalogsearch/result/?q=ipl+epilatory","/vyhladavanie?q=ipl%20epilatory","301","legacy-search"
"/catalogsearch/result/?q=jednodverove+chladnicky","/vyhladavanie?q=jednodverove%20chladnicky","301","legacy-search"
"/catalogsearch/result/?q=jednorazove+grily","/vyhladavanie?q=jednorazove%20grily","301","legacy-search"
"/catalogsearch/result/?q=kabaty","/vyhladavanie?q=kabaty","301","legacy-search"
"/catalogsearch/result/?q=kancelarska-technika+gigaset-a120-black","/vyhladavanie?q=kancelarska-technika%20gigaset-a120-black","301","legacy-search"
"/catalogsearch/result/?q=kancelarska-technika+rezacky-papiera+pakove","/vyhladavanie?q=kancelarska-technika%20rezacky-papiera%20pakove","301","legacy-search"
"/catalogsearch/result/?q=kavovary","/vyhladavanie?q=kavovary","301","legacy-search"
"/catalogsearch/result/?q=klimatizacie","/vyhladavanie?q=klimatizacie","301","legacy-search"
"/catalogsearch/result/?q=klzacky","/vyhladavanie?q=klzacky","301","legacy-search"
"/catalogsearch/result/?q=kolobezky","/vyhladavanie?q=kolobezky","301","legacy-search"
"/catalogsearch/result/?q=kombinovane+chladnicky","/vyhladavanie?q=kombinovane%20chladnicky","301","legacy-search"
"/catalogsearch/result/?q=kombinovane+dosky","/vyhladavanie?q=kombinovane%20dosky","301","legacy-search"
"/catalogsearch/result/?q=komunikacny+software","/vyhladavanie?q=komunikacny%20software","301","legacy-search"
"/catalogsearch/result/?q=kontajnery+a+smetne+nadoby","/vyhladavanie?q=kontajnery%20a%20smetne%20nadoby","301","legacy-search"
"/catalogsearch/result/?q=kosacky","/vyhladavanie?q=kosacky","301","legacy-search"
"/catalogsearch/result/?q=kosele","/vyhladavanie?q=kosele","301","legacy-search"
"/catalogsearch/result/?q=kozmeticke+sady","/vyhladavanie?q=kozmeticke%20sady","301","legacy-search"
"/catalogsearch/result/?q=kozmetika","/vyhladavanie?q=kozmetika","301","legacy-search"
"/catalogsearch/result/?q=kozmetika+starostlivost-o-telo","/vyhladavanie?q=kozmetika%20starostlivost-o-telo","301","legacy-search"
"/catalogsearch/result/?q=kozmetika+starostlivost-o-telo+sprchove-gely-a-mydla","/vyhladavanie?q=kozmetika%20starostlivost-o-telo%20sprchove-gely-a-mydla","301","legacy-search"
"/catalogsearch/result/?q=kozmetika+starostlivost-o-vlasy+laky-na-vlasy","/vyhladavanie?q=kozmetika%20starostlivost-o-vlasy%20laky-na-vlasy","301","legacy-search"
"/catalogsearch/result/?q=kozmetika+starostlivost-o-zuby","/vyhladavanie?q=kozmetika%20starostlivost-o-zuby","301","legacy-search"
"/catalogsearch/result/?q=kozmetika+starostlivost-o-zuby+zubne-a-medzizubne-kefky","/vyhladavanie?q=kozmetika%20starostlivost-o-zuby%20zubne-a-medzizubne-kefky","301","legacy-search"
"/catalogsearch/result/?q=kozmetika+uprava-vlasov+feny-na-vlasy","/vyhladavanie?q=kozmetika%20uprava-vlasov%20feny-na-vlasy","301","legacy-search"
"/catalogsearch/result/?q=krajace+potravin","/vyhladavanie?q=krajace%20potravin","301","legacy-search"
"/catalogsearch/result/?q=kremy+na+opalovanie","/vyhladavanie?q=kremy%20na%20opalovanie","301","legacy-search"
"/catalogsearch/result/?q=kuchynske+vahy","/vyhladavanie?q=kuchynske%20vahy","301","legacy-search"
"/catalogsearch/result/?q=kufre","/vyhladavanie?q=kufre","301","legacy-search"
"/catalogsearch/result/?q=kufre+na+kolieskach","/vyhladavanie?q=kufre%20na%20kolieskach","301","legacy-search"
"/catalogsearch/result/?q=kultivatory+a+prevzdusnovace","/vyhladavanie?q=kultivatory%20a%20prevzdusnovace","301","legacy-search"
"/catalogsearch/result/?q=kurenie","/vyhladavanie?q=kurenie","301","legacy-search"
"/catalogsearch/result/?q=lcd+panel","/vyhladavanie?q=lcd%20panel","301","legacy-search"
"/catalogsearch/result/?q=lesticky","/vyhladavanie?q=lesticky","301","legacy-search"
"/catalogsearch/result/?q=lisy+a+drvice+na+ovocie","/vyhladavanie?q=lisy%20a%20drvice%20na%20ovocie","301","legacy-search"
"/catalogsearch/result/?q=male+chladnicky","/vyhladavanie?q=male%20chladnicky","301","legacy-search"
"/catalogsearch/result/?q=male-spotrebice+cisticky-a-zvlhcovace+cisticky-vzduchu+truelife-air-purifier-p7-wifi-cisticka-vzduchu","/vyhladavanie?q=male-spotrebice%20cisticky-a-zvlhcovace%20cisticky-vzduchu%20truelife-air-purifier-p7-wifi-cisticka-vzduchu","301","legacy-search"
"/catalogsearch/result/?q=male-spotrebice+cisticky-a-zvlhcovace+cisticky-vzduchu+venta-lw73-aerostyle-signal-black","/vyhladavanie?q=male-spotrebice%20cisticky-a-zvlhcovace%20cisticky-vzduchu%20venta-lw73-aerostyle-signal-black","301","legacy-search"
"/catalogsearch/result/?q=male-spotrebice+cisticky-a-zvlhcovace+cisticky-vzduchu+venta-lw73-aerostyle-signal-white","/vyhladavanie?q=male-spotrebice%20cisticky-a-zvlhcovace%20cisticky-vzduchu%20venta-lw73-aerostyle-signal-white","301","legacy-search"
"/catalogsearch/result/?q=male-spotrebice+cisticky-a-zvlhcovace+cisticky-vzduchu+venta-lw74-wifi-aerostyle-signal-black","/vyhladavanie?q=male-spotrebice%20cisticky-a-zvlhcovace%20cisticky-vzduchu%20venta-lw74-wifi-aerostyle-signal-black","301","legacy-search"
"/catalogsearch/result/?q=male-spotrebice+cisticky-a-zvlhcovace+cisticky-vzduchu+venta-lw74-wifi-aerostyle-signal-white","/vyhladavanie?q=male-spotrebice%20cisticky-a-zvlhcovace%20cisticky-vzduchu%20venta-lw74-wifi-aerostyle-signal-white","301","legacy-search"
"/catalogsearch/result/?q=male-spotrebice+cisticky-a-zvlhcovace+cisticky-vzduchu+xiaomi-mi-air-purifier-3h-bazar-rozbaleno","/vyhladavanie?q=male-spotrebice%20cisticky-a-zvlhcovace%20cisticky-vzduchu%20xiaomi-mi-air-purifier-3h-bazar-rozbaleno","301","legacy-search"
"/catalogsearch/result/?q=male-spotrebice+grilovanie-a-party+hot-dogovace","/vyhladavanie?q=male-spotrebice%20grilovanie-a-party%20hot-dogovace","301","legacy-search"
"/catalogsearch/result/?q=male-spotrebice+kavovary-a-espresso+espressa","/vyhladavanie?q=male-spotrebice%20kavovary-a-espresso%20espressa","301","legacy-search"
"/catalogsearch/result/?q=male-spotrebice+klimatizacie-a-ventilatory+ochladzovace-vzduchu","/vyhladavanie?q=male-spotrebice%20klimatizacie-a-ventilatory%20ochladzovace-vzduchu","301","legacy-search"
"/catalogsearch/result/?q=male-spotrebice+pomocnici-do-kuchyne","/vyhladavanie?q=male-spotrebice%20pomocnici-do-kuchyne","301","legacy-search"
"/catalogsearch/result/?q=male-spotrebice+pomocnici-do-kuchyne+elektricke-noze","/vyhladavanie?q=male-spotrebice%20pomocnici-do-kuchyne%20elektricke-noze","301","legacy-search"
"/catalogsearch/result/?q=male-spotrebice+pomocnici-do-kuchyne+fritovacie-hrnce","/vyhladavanie?q=male-spotrebice%20pomocnici-do-kuchyne%20fritovacie-hrnce","301","legacy-search"
"/catalogsearch/result/?q=male-spotrebice+pomocnici-do-kuchyne+kuchynske-roboty","/vyhladavanie?q=male-spotrebice%20pomocnici-do-kuchyne%20kuchynske-roboty","301","legacy-search"
"/catalogsearch/result/?q=male-spotrebice+pomocnici-do-kuchyne+mlynceky-na-maso","/vyhladavanie?q=male-spotrebice%20pomocnici-do-kuchyne%20mlynceky-na-maso","301","legacy-search"
"/catalogsearch/result/?q=male-spotrebice+pomocnici-do-kuchyne+palacinkovace","/vyhladavanie?q=male-spotrebice%20pomocnici-do-kuchyne%20palacinkovace","301","legacy-search"
"/catalogsearch/result/?q=male-spotrebice+pomocnici-do-kuchyne+slahace","/vyhladavanie?q=male-spotrebice%20pomocnici-do-kuchyne%20slahace","301","legacy-search"
"/catalogsearch/result/?q=male-spotrebice+pomocnici-do-kuchyne+topinkovace","/vyhladavanie?q=male-spotrebice%20pomocnici-do-kuchyne%20topinkovace","301","legacy-search"
"/catalogsearch/result/?q=male-spotrebice+pomocnici-do-kuchyne+varice-na-vajicka","/vyhladavanie?q=male-spotrebice%20pomocnici-do-kuchyne%20varice-na-vajicka","301","legacy-search"
"/catalogsearch/result/?q=male-spotrebice+priprava-napojov+drvice-ladu","/vyhladavanie?q=male-spotrebice%20priprava-napojov%20drvice-ladu","301","legacy-search"
"/catalogsearch/result/?q=male-spotrebice+priprava-napojov+kavovary+xavax-odmastovaci-cistici-tablety-nejen-pro-automaticke-kavovary-10-ks","/vyhladavanie?q=male-spotrebice%20priprava-napojov%20kavovary%20xavax-odmastovaci-cistici-tablety-nejen-pro-automaticke-kavovary-10-ks","301","legacy-search"
"/catalogsearch/result/?q=male-spotrebice+priprava-napojov+rychlovarne-kanvice+vigan-wk17b-rychlovarna-konvice","/vyhladavanie?q=male-spotrebice%20priprava-napojov%20rychlovarne-kanvice%20vigan-wk17b-rychlovarna-konvice","301","legacy-search"
"/catalogsearch/result/?q=male-spotrebice+priprava-napojov+rychlovarne-kanvice+vigan-wk17dgbx-rychlovarna-konvice","/vyhladavanie?q=male-spotrebice%20priprava-napojov%20rychlovarne-kanvice%20vigan-wk17dgbx-rychlovarna-konvice","301","legacy-search"
"/catalogsearch/result/?q=male-spotrebice+priprava-napojov+rychlovarne-kanvice+vigan-wk17dgcx-rychlovarna-konvice","/vyhladavanie?q=male-spotrebice%20priprava-napojov%20rychlovarne-kanvice%20vigan-wk17dgcx-rychlovarna-konvice","301","legacy-search"
"/catalogsearch/result/?q=male-spotrebice+priprava-napojov+smoothie-mixery","/vyhladavanie?q=male-spotrebice%20priprava-napojov%20smoothie-mixery","301","legacy-search"
"/catalogsearch/result/?q=male-spotrebice+priprava-napojov+vyrobniky-ladu","/vyhladavanie?q=male-spotrebice%20priprava-napojov%20vyrobniky-ladu","301","legacy-search"
"/catalogsearch/result/?q=male-spotrebice+remosky-a-elektricke-hrnce+domace-pekarne","/vyhladavanie?q=male-spotrebice%20remosky-a-elektricke-hrnce%20domace-pekarne","301","legacy-search"
"/catalogsearch/result/?q=male-spotrebice+remosky-a-elektricke-hrnce+elektricke-panvice","/vyhladavanie?q=male-spotrebice%20remosky-a-elektricke-hrnce%20elektricke-panvice","301","legacy-search"
"/catalogsearch/result/?q=male-spotrebice+remosky-a-elektricke-hrnce+parne-hrnce","/vyhladavanie?q=male-spotrebice%20remosky-a-elektricke-hrnce%20parne-hrnce","301","legacy-search"
"/catalogsearch/result/?q=male-spotrebice+remosky-a-elektricke-hrnce+varice-na-ryzu","/vyhladavanie?q=male-spotrebice%20remosky-a-elektricke-hrnce%20varice-na-ryzu","301","legacy-search"
"/catalogsearch/result/?q=male-spotrebice+remosky-a-elektricke-hrnce+zavarovacie-hrnce","/vyhladavanie?q=male-spotrebice%20remosky-a-elektricke-hrnce%20zavarovacie-hrnce","301","legacy-search"
"/catalogsearch/result/?q=male-spotrebice+roboticke-vysavace","/vyhladavanie?q=male-spotrebice%20roboticke-vysavace","301","legacy-search"
"/catalogsearch/result/?q=male-spotrebice+starostlivost-o-pradlo+odstranovace-zmolkov","/vyhladavanie?q=male-spotrebice%20starostlivost-o-pradlo%20odstranovace-zmolkov","301","legacy-search"
"/catalogsearch/result/?q=male-spotrebice+starostlivost-o-telo","/vyhladavanie?q=male-spotrebice%20starostlivost-o-telo","301","legacy-search"
"/catalogsearch/result/?q=male-spotrebice+starostlivost-o-telo+brusky-na-nohy","/vyhladavanie?q=male-spotrebice%20starostlivost-o-telo%20brusky-na-nohy","301","legacy-search"
"/catalogsearch/result/?q=male-spotrebice+starostlivost-o-telo+epilatory","/vyhladavanie?q=male-spotrebice%20starostlivost-o-telo%20epilatory","301","legacy-search"
"/catalogsearch/result/?q=male-spotrebice+starostlivost-o-telo+kozmeticke-zrkadielka","/vyhladavanie?q=male-spotrebice%20starostlivost-o-telo%20kozmeticke-zrkadielka","301","legacy-search"
"/catalogsearch/result/?q=male-spotrebice+starostlivost-o-telo+masazne-pristroje","/vyhladavanie?q=male-spotrebice%20starostlivost-o-telo%20masazne-pristroje","301","legacy-search"
"/catalogsearch/result/?q=male-spotrebice+starostlivost-o-telo+ostatne","/vyhladavanie?q=male-spotrebice%20starostlivost-o-telo%20ostatne","301","legacy-search"
"/catalogsearch/result/?q=male-spotrebice+starostlivost-o-telo+starostlivost-o-ruky-a-nechty","/vyhladavanie?q=male-spotrebice%20starostlivost-o-telo%20starostlivost-o-ruky-a-nechty","301","legacy-search"
"/catalogsearch/result/?q=male-spotrebice+starostlivost-o-telo+starostlivost-o-vzhlad","/vyhladavanie?q=male-spotrebice%20starostlivost-o-telo%20starostlivost-o-vzhlad","301","legacy-search"
"/catalogsearch/result/?q=male-spotrebice+starostlivost-o-telo+zohrievacie-deky","/vyhladavanie?q=male-spotrebice%20starostlivost-o-telo%20zohrievacie-deky","301","legacy-search"
"/catalogsearch/result/?q=male-spotrebice+upratovanie+mopy-a-pomocky-na-upratovanie","/vyhladavanie?q=male-spotrebice%20upratovanie%20mopy-a-pomocky-na-upratovanie","301","legacy-search"
"/catalogsearch/result/?q=male-spotrebice+vysavace+bezsackove-vysavace","/vyhladavanie?q=male-spotrebice%20vysavace%20bezsackove-vysavace","301","legacy-search"
"/catalogsearch/result/?q=male-spotrebice+vysavace+hubice-kefy-rurky-k-vysavacom","/vyhladavanie?q=male-spotrebice%20vysavace%20hubice-kefy-rurky-k-vysavacom","301","legacy-search"
"/catalogsearch/result/?q=male-spotrebice+vysavace+sacky-do-vysavacov","/vyhladavanie?q=male-spotrebice%20vysavace%20sacky-do-vysavacov","301","legacy-search"
"/catalogsearch/result/?q=male-spotrebice+vysavace+vona-do-vysavacov","/vyhladavanie?q=male-spotrebice%20vysavace%20vona-do-vysavacov","301","legacy-search"
"/catalogsearch/result/?q=male-spotrebice+xiaomi-roborock-sweep-one-s50-bazar-poskozeny-obal-nekompletni-vypln","/vyhladavanie?q=male-spotrebice%20xiaomi-roborock-sweep-one-s50-bazar-poskozeny-obal-nekompletni-vypln","301","legacy-search"
"/catalogsearch/result/?q=male-spotrebice+zdravie+digitalne-teplomery","/vyhladavanie?q=male-spotrebice%20zdravie%20digitalne-teplomery","301","legacy-search"
"/catalogsearch/result/?q=male-spotrebice+zdravie+jogurtovace","/vyhladavanie?q=male-spotrebice%20zdravie%20jogurtovace","301","legacy-search"
"/catalogsearch/result/?q=male-spotrebice+zdravie+lapace-hmyzu","/vyhladavanie?q=male-spotrebice%20zdravie%20lapace-hmyzu","301","legacy-search"
"/catalogsearch/result/?q=male-spotrebice+zdravie+odvlhcovace","/vyhladavanie?q=male-spotrebice%20zdravie%20odvlhcovace","301","legacy-search"
"/catalogsearch/result/?q=male-spotrebice+zdravie+osobne-tlakomery","/vyhladavanie?q=male-spotrebice%20zdravie%20osobne-tlakomery","301","legacy-search"
"/catalogsearch/result/?q=male-spotrebice+zdravie+susicky-potravin","/vyhladavanie?q=male-spotrebice%20zdravie%20susicky-potravin","301","legacy-search"
"/catalogsearch/result/?q=male-spotrebice+zdravie+zvlhcovace-vzduchu","/vyhladavanie?q=male-spotrebice%20zdravie%20zvlhcovace-vzduchu","301","legacy-search"
"/catalogsearch/result/?q=manikura+a+pedikura","/vyhladavanie?q=manikura%20a%20pedikura","301","legacy-search"
"/catalogsearch/result/?q=masazne+pristroje","/vyhladavanie?q=masazne%20pristroje","301","legacy-search"
"/catalogsearch/result/?q=masky+na+plet","/vyhladavanie?q=masky%20na%20plet","301","legacy-search"
"/catalogsearch/result/?q=miceralne+vody","/vyhladavanie?q=miceralne%20vody","301","legacy-search"
"/catalogsearch/result/?q=microsoft+xbox+one","/vyhladavanie?q=microsoft%20xbox%20one","301","legacy-search"
"/catalogsearch/result/?q=microsoft+xbox+one+s","/vyhladavanie?q=microsoft%20xbox%20one%20s","301","legacy-search"
"/catalogsearch/result/?q=mini+rury","/vyhladavanie?q=mini%20rury","301","legacy-search"
"/catalogsearch/result/?q=mlynceky+na+kavu","/vyhladavanie?q=mlynceky%20na%20kavu","301","legacy-search"
"/catalogsearch/result/?q=mobilne-telefony-a-tablety+aligator-rx600-extremo-dual-sim-lte-cerno-cervena","/vyhladavanie?q=mobilne-telefony-a-tablety%20aligator-rx600-extremo-dual-sim-lte-cerno-cervena","301","legacy-search"
"/catalogsearch/result/?q=mobilne-telefony-a-tablety+aligator-rx700-extremo-dual-sim-lte-nfc-cerna","/vyhladavanie?q=mobilne-telefony-a-tablety%20aligator-rx700-extremo-dual-sim-lte-nfc-cerna","301","legacy-search"
"/catalogsearch/result/?q=motorove+fukare+a+vysavace","/vyhladavanie?q=motorove%20fukare%20a%20vysavace","301","legacy-search"
"/catalogsearch/result/?q=mraznicky","/vyhladavanie?q=mraznicky","301","legacy-search"
"/catalogsearch/result/?q=n","/vyhladavanie?q=n","301","legacy-search"
"/catalogsearch/result/?q=naparovacie+zehlicky","/vyhladavanie?q=naparovacie%20zehlicky","301","legacy-search"
"/catalogsearch/result/?q=napenovace+mlieka","/vyhladavanie?q=napenovace%20mlieka","301","legacy-search"
"/catalogsearch/result/?q=noznice+na+plech","/vyhladavanie?q=noznice%20na%20plech","301","legacy-search"
"/catalogsearch/result/?q=ochladzovace+vzduchu","/vyhladavanie?q=ochladzovace%20vzduchu","301","legacy-search"
"/catalogsearch/result/?q=ocielky+a+brusky","/vyhladavanie?q=ocielky%20a%20brusky","301","legacy-search"
"/catalogsearch/result/?q=ocne+tiene","/vyhladavanie?q=ocne%20tiene","301","legacy-search"
"/catalogsearch/result/?q=odnimatelny+panel","/vyhladavanie?q=odnimatelny%20panel","301","legacy-search"
"/catalogsearch/result/?q=odstavovacie+hrnce","/vyhladavanie?q=odstavovacie%20hrnce","301","legacy-search"
"/catalogsearch/result/?q=odstranovanie+snehu","/vyhladavanie?q=odstranovanie%20snehu","301","legacy-search"
"/catalogsearch/result/?q=opalovacie+peny","/vyhladavanie?q=opalovacie%20peny","301","legacy-search"
"/catalogsearch/result/?q=ostatna+starostlivost+o+telo","/vyhladavanie?q=ostatna%20starostlivost%20o%20telo","301","legacy-search"
"/catalogsearch/result/?q=ostatne","/vyhladavanie?q=ostatne","301","legacy-search"
"/catalogsearch/result/?q=ostatne+elektricke+naradie","/vyhladavanie?q=ostatne%20elektricke%20naradie","301","legacy-search"
"/catalogsearch/result/?q=ostatne+gastro+spotrebice","/vyhladavanie?q=ostatne%20gastro%20spotrebice","301","legacy-search"
"/catalogsearch/result/?q=ostatne+kojenecke+potreby","/vyhladavanie?q=ostatne%20kojenecke%20potreby","301","legacy-search"
"/catalogsearch/result/?q=ostatne+prislusenstvo","/vyhladavanie?q=ostatne%20prislusenstvo","301","legacy-search"
"/catalogsearch/result/?q=ostatne+zdravotnicke+pomocky","/vyhladavanie?q=ostatne%20zdravotnicke%20pomocky","301","legacy-search"
"/catalogsearch/result/?q=ostrovcekove+digestory","/vyhladavanie?q=ostrovcekove%20digestory","301","legacy-search"
"/catalogsearch/result/?q=outdoor","/vyhladavanie?q=outdoor","301","legacy-search"
"/catalogsearch/result/?q=oxymetre","/vyhladavanie?q=oxymetre","301","legacy-search"
"/catalogsearch/result/?q=pajkovanie+letovanie+a+zvaranie","/vyhladavanie?q=pajkovanie%20letovanie%20a%20zvaranie","301","legacy-search"
"/catalogsearch/result/?q=panske+bicykle","/vyhladavanie?q=panske%20bicykle","301","legacy-search"
"/catalogsearch/result/?q=panvice","/vyhladavanie?q=panvice","301","legacy-search"
"/catalogsearch/result/?q=parne+pracky","/vyhladavanie?q=parne%20pracky","301","legacy-search"
"/catalogsearch/result/?q=party+stany","/vyhladavanie?q=party%20stany","301","legacy-search"
"/catalogsearch/result/?q=pc-a-notebooky+acer-aspire-tc-886-intel-core-i3-9100-8-gb-ddr4-sdram-1-tb-hdd-geforcer-gt-1030-endless-llinux-220w","/vyhladavanie?q=pc-a-notebooky%20acer-aspire-tc-886-intel-core-i3-9100-8-gb-ddr4-sdram-1-tb-hdd-geforcer-gt-1030-endless-llinux-220w","301","legacy-search"
"/catalogsearch/result/?q=pc-a-notebooky+acer-pc-predator-orion-3000-po3-600-i5-9400f-16gb-1tssd-geforce-rtx-2060-6gb-dvd-w10h-cerna","/vyhladavanie?q=pc-a-notebooky%20acer-pc-predator-orion-3000-po3-600-i5-9400f-16gb-1tssd-geforce-rtx-2060-6gb-dvd-w10h-cerna","301","legacy-search"
"/catalogsearch/result/?q=pc-a-notebooky+all-in-one","/vyhladavanie?q=pc-a-notebooky%20all-in-one","301","legacy-search"
"/catalogsearch/result/?q=pc-a-notebooky+all-in-one+amd-athlon","/vyhladavanie?q=pc-a-notebooky%20all-in-one%20amd-athlon","301","legacy-search"
"/catalogsearch/result/?q=pc-a-notebooky+all-in-one+intel-core-i9","/vyhladavanie?q=pc-a-notebooky%20all-in-one%20intel-core-i9","301","legacy-search"
"/catalogsearch/result/?q=pc-a-notebooky+dell-pc-optiplex-aio-5480-23-8-fhdcore-i5-10500t-8gb-256gbssd-tpm-stdstand-cam-mic-wlan-bt-kb-mouse-w10p-3ynbd-prosup","/vyhladavanie?q=pc-a-notebooky%20dell-pc-optiplex-aio-5480-23-8-fhdcore-i5-10500t-8gb-256gbssd-tpm-stdstand-cam-mic-wlan-bt-kb-mouse-w10p-3ynbd-prosup","301","legacy-search"
"/catalogsearch/result/?q=pc-a-notebooky+elektronicke-citacky+7-8","/vyhladavanie?q=pc-a-notebooky%20elektronicke-citacky%207-8","301","legacy-search"
"/catalogsearch/result/?q=pc-a-notebooky+hp-pc-aio-22-df0000nc-lcd-21-5-fhd-ag-celeron-j4025-2ghz-4gb-ddr4-2400-128gb-ssd-intel-internal-graphics-no-odd-win10-s","/vyhladavanie?q=pc-a-notebooky%20hp-pc-aio-22-df0000nc-lcd-21-5-fhd-ag-celeron-j4025-2ghz-4gb-ddr4-2400-128gb-ssd-intel-internal-graphics-no-odd-win10-s","301","legacy-search"
"/catalogsearch/result/?q=pc-a-notebooky+hp-pc-slim-s01-ad0007nc-celeron-j4005-8gb-256-gb-ssd-nvme-intel-uhd-graphics-600-wif-bt-key-mou-dvd-rw-win10","/vyhladavanie?q=pc-a-notebooky%20hp-pc-slim-s01-ad0007nc-celeron-j4005-8gb-256-gb-ssd-nvme-intel-uhd-graphics-600-wif-bt-key-mou-dvd-rw-win10","301","legacy-search"
"/catalogsearch/result/?q=pc-a-notebooky+lenovo-thinkpad-e15-iml-i3-10110uat2-1ghz-15-6-fhd-ips-8gb-256ssd-intel-uhd-3xusb-usb-c-hdmi-lan-w10p-1r-carryin","/vyhladavanie?q=pc-a-notebooky%20lenovo-thinkpad-e15-iml-i3-10110uat2-1ghz-15-6-fhd-ips-8gb-256ssd-intel-uhd-3xusb-usb-c-hdmi-lan-w10p-1r-carryin","301","legacy-search"
"/catalogsearch/result/?q=pc-a-notebooky+notebooky-a-ultrabooky","/vyhladavanie?q=pc-a-notebooky%20notebooky-a-ultrabooky","301","legacy-search"
"/catalogsearch/result/?q=pc-a-notebooky+notebooky-a-ultrabooky+konvertibilne+acer-aspire-tab-switch-5-sw512-52-36ld-i3-7130uat2-7ghz-12-ips-multi-touch-4gb-128ssd-ct-pk-2cl-w10h","/vyhladavanie?q=pc-a-notebooky%20notebooky-a-ultrabooky%20konvertibilne%20acer-aspire-tab-switch-5-sw512-52-36ld-i3-7130uat2-7ghz-12-ips-multi-touch-4gb-128ssd-ct-pk-2cl-w10h","301","legacy-search"
"/catalogsearch/result/?q=pc-a-notebooky+notebooky-a-ultrabooky+notebooky+hp-250-g7-i5-8265u-15-6-fhd-220-4gb-256gb-dvdrw-ac-bt-win10-1506701","/vyhladavanie?q=pc-a-notebooky%20notebooky-a-ultrabooky%20notebooky%20hp-250-g7-i5-8265u-15-6-fhd-220-4gb-256gb-dvdrw-ac-bt-win10-1506701","301","legacy-search"
"/catalogsearch/result/?q=pc-a-notebooky+pc-hp-20-c406nc-aio-celeron-4gb-ddr4-1tb-7200-dvdr-w-wifi-uma-usb-mou-key-win10-white","/vyhladavanie?q=pc-a-notebooky%20pc-hp-20-c406nc-aio-celeron-4gb-ddr4-1tb-7200-dvdr-w-wifi-uma-usb-mou-key-win10-white","301","legacy-search"
"/catalogsearch/result/?q=pc-a-notebooky+pc-hp-slim-s01-ad0007nc-celeron-j4005-8gb-256-gb-ssd-nvme-intel-uhd-graphics-600-wif-bt-key-mou-dvd-rw-win10","/vyhladavanie?q=pc-a-notebooky%20pc-hp-slim-s01-ad0007nc-celeron-j4005-8gb-256-gb-ssd-nvme-intel-uhd-graphics-600-wif-bt-key-mou-dvd-rw-win10","301","legacy-search"
"/catalogsearch/result/?q=pc-a-notebooky+pc-zostavy+acer-pc-aspire-xc-330-amd-e2-9000-4gb-1thdd-dvd-rw-usb-hdmi-w10h","/vyhladavanie?q=pc-a-notebooky%20pc-zostavy%20acer-pc-aspire-xc-330-amd-e2-9000-4gb-1thdd-dvd-rw-usb-hdmi-w10h","301","legacy-search"
"/catalogsearch/result/?q=pc-a-notebooky+pc-zostavy+all-in-one+lenovo-thinkcentre-m920z-aio-i5-8500-8gb-256-gb-ssd-integrated-dvd-win-10-pro-cierny-3r-onsite-121281","/vyhladavanie?q=pc-a-notebooky%20pc-zostavy%20all-in-one%20lenovo-thinkcentre-m920z-aio-i5-8500-8gb-256-gb-ssd-integrated-dvd-win-10-pro-cierny-3r-onsite-121281","301","legacy-search"
"/catalogsearch/result/?q=pc-a-notebooky+pc-zostavy+all-in-one+lenovo-v530-24-aio-i5-8400t-8gb-256-gb-ssd-integrated-dvd-win-10-pro-cierny-1r-121273","/vyhladavanie?q=pc-a-notebooky%20pc-zostavy%20all-in-one%20lenovo-v530-24-aio-i5-8400t-8gb-256-gb-ssd-integrated-dvd-win-10-pro-cierny-1r-121273","301","legacy-search"
"/catalogsearch/result/?q=pc-a-notebooky+pc-zostavy+micro-tower","/vyhladavanie?q=pc-a-notebooky%20pc-zostavy%20micro-tower","301","legacy-search"
"/catalogsearch/result/?q=pc-a-notebooky+pc-zostavy+midi-tower+p-olynx-challenger-eclot-i3-8100-8gb-120g-ssd-1t-gtx1050ti-4g-p","/vyhladavanie?q=pc-a-notebooky%20pc-zostavy%20midi-tower%20p-olynx-challenger-eclot-i3-8100-8gb-120g-ssd-1t-gtx1050ti-4g-p","301","legacy-search"
"/catalogsearch/result/?q=pc-a-notebooky+pc-zostavy+midi-tower+p-olynx-challenger-eclot-i3-8100-8gb-120g-ssd-1t-gtx1050ti-4g-w10-home-p","/vyhladavanie?q=pc-a-notebooky%20pc-zostavy%20midi-tower%20p-olynx-challenger-eclot-i3-8100-8gb-120g-ssd-1t-gtx1050ti-4g-w10-home-p","301","legacy-search"
"/catalogsearch/result/?q=pc-a-notebooky+prepatove-ochrany+8-zasuviek","/vyhladavanie?q=pc-a-notebooky%20prepatove-ochrany%208-zasuviek","301","legacy-search"
"/catalogsearch/result/?q=pc-a-notebooky+prislusenstvo-k-notebookom-a-ultrabookom+opticke-mechaniky+price--","/vyhladavanie?q=pc-a-notebooky%20prislusenstvo-k-notebookom-a-ultrabookom%20opticke-mechaniky%20price--","301","legacy-search"
"/catalogsearch/result/?q=pc-a-notebooky+roz-lenovo-ideacentre-aio-510-22-pentium-g4560t-2-9ghz-4gb-1tb-21-5-fhd-intelhd-win10-cierny-otvorena-krabica","/vyhladavanie?q=pc-a-notebooky%20roz-lenovo-ideacentre-aio-510-22-pentium-g4560t-2-9ghz-4gb-1tb-21-5-fhd-intelhd-win10-cierny-otvorena-krabica","301","legacy-search"
"/catalogsearch/result/?q=pc-a-notebooky+umax-aio-u-one-24al-plus-23-8-ips-fhd-celeron-j3355at2-0ghz-4gb-32gb-emmc-2-5-hdd-ssd-sata-iii-slot-w10h","/vyhladavanie?q=pc-a-notebooky%20umax-aio-u-one-24al-plus-23-8-ips-fhd-celeron-j3355at2-0ghz-4gb-32gb-emmc-2-5-hdd-ssd-sata-iii-slot-w10h","301","legacy-search"
"/catalogsearch/result/?q=pc-a-notebooky+xiaomi-mi-notebook-air-13-3-i5-8250u-8gb-256gb-bazar-po-oprave-vymena-baterie","/vyhladavanie?q=pc-a-notebooky%20xiaomi-mi-notebook-air-13-3-i5-8250u-8gb-256gb-bazar-po-oprave-vymena-baterie","301","legacy-search"
"/catalogsearch/result/?q=pc-a-notebooky+zbook-15u-g6-i7-8565u-15uhd-1x16gb-ddr4-512gb-m-2-intel-hd-amd-wx3200-4gb-wifi-ac-bt-fpr-win10pro","/vyhladavanie?q=pc-a-notebooky%20zbook-15u-g6-i7-8565u-15uhd-1x16gb-ddr4-512gb-m-2-intel-hd-amd-wx3200-4gb-wifi-ac-bt-fpr-win10pro","301","legacy-search"
"/catalogsearch/result/?q=pc-a-notebooky+zbook-studio-x360-g5-i7-9750h-15-6fhd-touch-16gb-ddr4-2666-512gb-m-2-nvme-tlc-wifi-ac-bt-fps-p1000-4gb-win10pro","/vyhladavanie?q=pc-a-notebooky%20zbook-studio-x360-g5-i7-9750h-15-6fhd-touch-16gb-ddr4-2666-512gb-m-2-nvme-tlc-wifi-ac-bt-fps-p1000-4gb-win10pro","301","legacy-search"
"/catalogsearch/result/?q=pc-a-notebooky+zbook-studio-x360-g5-i7-9750h-15-6uhd-touch-16gb-ddr4-2666-512gb-m-2-nvme-tlc-wifi-ac-bt-fps-p2000-4gb-win10pro","/vyhladavanie?q=pc-a-notebooky%20zbook-studio-x360-g5-i7-9750h-15-6uhd-touch-16gb-ddr4-2666-512gb-m-2-nvme-tlc-wifi-ac-bt-fps-p2000-4gb-win10pro","301","legacy-search"
"/catalogsearch/result/?q=pc-a-notebooky+zbook-studio-x360-g5-i9-9880h-15-6uhd-touch-2x16gb-ddr4-2666-1tb-m-2-nvme-tlc-wifi-ac-bt-fps-p2000-4gb-win10pro","/vyhladavanie?q=pc-a-notebooky%20zbook-studio-x360-g5-i9-9880h-15-6uhd-touch-2x16gb-ddr4-2666-1tb-m-2-nvme-tlc-wifi-ac-bt-fps-p2000-4gb-win10pro","301","legacy-search"
"/catalogsearch/result/?q=pc-periferie+17-fds1703-ab-ips-led-1280x1024-led-800-1-repro-hdmi-bnc-329556","/vyhladavanie?q=pc-periferie%2017-fds1703-ab-ips-led-1280x1024-led-800-1-repro-hdmi-bnc-329556","301","legacy-search"
"/catalogsearch/result/?q=pc-periferie+akasa-predni-panel-2x-usb-3-1-gen1-usb-3-1-gen2-type-c-interni","/vyhladavanie?q=pc-periferie%20akasa-predni-panel-2x-usb-3-1-gen1-usb-3-1-gen2-type-c-interni","301","legacy-search"
"/catalogsearch/result/?q=pc-periferie+bazar-canon-pixma-tiskarna-mg3650s-cerna-barevna-mf-tisk-kopirka-sken-cloud-duplex-usb-wi-fi-poskozeny-obal","/vyhladavanie?q=pc-periferie%20bazar-canon-pixma-tiskarna-mg3650s-cerna-barevna-mf-tisk-kopirka-sken-cloud-duplex-usb-wi-fi-poskozeny-obal","301","legacy-search"
"/catalogsearch/result/?q=pc-periferie+canon-pixma-tiskarna-ts3355-black-barevna-mf-tisk-kopirka-sken-cloud-usb-wi-fi","/vyhladavanie?q=pc-periferie%20canon-pixma-tiskarna-ts3355-black-barevna-mf-tisk-kopirka-sken-cloud-usb-wi-fi","301","legacy-search"
"/catalogsearch/result/?q=pc-periferie+canon-pixma-tiskarna-ts3451-white-barevna-mf-tisk-kopirka-sken-cloud-usb-wi-fi-poskozeno-viz-foto-bazar","/vyhladavanie?q=pc-periferie%20canon-pixma-tiskarna-ts3451-white-barevna-mf-tisk-kopirka-sken-cloud-usb-wi-fi-poskozeno-viz-foto-bazar","301","legacy-search"
"/catalogsearch/result/?q=pc-periferie+dahua-monitor-lm19-a200-19-5-tn-panel-1600-x-900-5ms-200nit-600-1-vga-hdmi-vesa","/vyhladavanie?q=pc-periferie%20dahua-monitor-lm19-a200-19-5-tn-panel-1600-x-900-5ms-200nit-600-1-vga-hdmi-vesa","301","legacy-search"
"/catalogsearch/result/?q=pc-periferie+dahua-monitor-lm22-a200-22-va-panel-1920-x-1080-5ms-200nit-3000-1-vga-hdmi-vesa","/vyhladavanie?q=pc-periferie%20dahua-monitor-lm22-a200-22-va-panel-1920-x-1080-5ms-200nit-3000-1-vga-hdmi-vesa","301","legacy-search"
"/catalogsearch/result/?q=pc-periferie+hp-all-in-one-deskjet-2320-a4-usb-print-scan-copy","/vyhladavanie?q=pc-periferie%20hp-all-in-one-deskjet-2320-a4-usb-print-scan-copy","301","legacy-search"
"/catalogsearch/result/?q=pc-periferie+hp-all-in-one-deskjet-2720e-hp-a4-7-5-5-5-str-min-usb-wi-fi-bt-tlac-skenovanie-kopirovanie-poskodeny-box","/vyhladavanie?q=pc-periferie%20hp-all-in-one-deskjet-2720e-hp-a4-7-5-5-5-str-min-usb-wi-fi-bt-tlac-skenovanie-kopirovanie-poskodeny-box","301","legacy-search"
"/catalogsearch/result/?q=pc-periferie+lcd-hp-v20-hd-led-backlight-ag-tn-19-5-matny-1600x900-600-1-200cd-5ms-vga-hdmi-black","/vyhladavanie?q=pc-periferie%20lcd-hp-v20-hd-led-backlight-ag-tn-19-5-matny-1600x900-600-1-200cd-5ms-vga-hdmi-black","301","legacy-search"
"/catalogsearch/result/?q=pc-periferie+media+dvd-r-21","/vyhladavanie?q=pc-periferie%20media%20dvd-r-21","301","legacy-search"
"/catalogsearch/result/?q=pc-periferie+media+dvd-r-270","/vyhladavanie?q=pc-periferie%20media%20dvd-r-270","301","legacy-search"
"/catalogsearch/result/?q=pc-periferie+media+dvd-r-30","/vyhladavanie?q=pc-periferie%20media%20dvd-r-30","301","legacy-search"
"/catalogsearch/result/?q=pc-periferie+media+dvd-r-32","/vyhladavanie?q=pc-periferie%20media%20dvd-r-32","301","legacy-search"
"/catalogsearch/result/?q=pc-periferie+media+dvd-r-37","/vyhladavanie?q=pc-periferie%20media%20dvd-r-37","301","legacy-search"
"/catalogsearch/result/?q=pc-periferie+media+dvd-r-42","/vyhladavanie?q=pc-periferie%20media%20dvd-r-42","301","legacy-search"
"/catalogsearch/result/?q=pc-periferie+media+dvd-r-427","/vyhladavanie?q=pc-periferie%20media%20dvd-r-427","301","legacy-search"
"/catalogsearch/result/?q=pc-periferie+media+dvd-r-475","/vyhladavanie?q=pc-periferie%20media%20dvd-r-475","301","legacy-search"
"/catalogsearch/result/?q=pc-periferie+media+dvd-r-546","/vyhladavanie?q=pc-periferie%20media%20dvd-r-546","301","legacy-search"
"/catalogsearch/result/?q=pc-periferie+media+dvd-r-609","/vyhladavanie?q=pc-periferie%20media%20dvd-r-609","301","legacy-search"
"/catalogsearch/result/?q=pc-periferie+media+dvd-r-650","/vyhladavanie?q=pc-periferie%20media%20dvd-r-650","301","legacy-search"
"/catalogsearch/result/?q=pc-periferie+media+dvd-r-727","/vyhladavanie?q=pc-periferie%20media%20dvd-r-727","301","legacy-search"
"/catalogsearch/result/?q=pc-periferie+media+dvd-r-753","/vyhladavanie?q=pc-periferie%20media%20dvd-r-753","301","legacy-search"
"/catalogsearch/result/?q=pc-periferie+media+dvd-r-769","/vyhladavanie?q=pc-periferie%20media%20dvd-r-769","301","legacy-search"
"/catalogsearch/result/?q=pc-periferie+media+dvd-r-785","/vyhladavanie?q=pc-periferie%20media%20dvd-r-785","301","legacy-search"
"/catalogsearch/result/?q=pc-periferie+media+dvd-r-800","/vyhladavanie?q=pc-periferie%20media%20dvd-r-800","301","legacy-search"
"/catalogsearch/result/?q=pc-periferie+media+dvd-r-820","/vyhladavanie?q=pc-periferie%20media%20dvd-r-820","301","legacy-search"
"/catalogsearch/result/?q=pc-periferie+media+dvd-ram-202","/vyhladavanie?q=pc-periferie%20media%20dvd-ram-202","301","legacy-search"
"/catalogsearch/result/?q=pc-periferie+media+dvd-ram-270","/vyhladavanie?q=pc-periferie%20media%20dvd-ram-270","301","legacy-search"
"/catalogsearch/result/?q=pc-periferie+media+dvd-ram-32","/vyhladavanie?q=pc-periferie%20media%20dvd-ram-32","301","legacy-search"
"/catalogsearch/result/?q=pc-periferie+media+dvd-rw-21","/vyhladavanie?q=pc-periferie%20media%20dvd-rw-21","301","legacy-search"
"/catalogsearch/result/?q=pc-periferie+media+dvd-rw-270","/vyhladavanie?q=pc-periferie%20media%20dvd-rw-270","301","legacy-search"
"/catalogsearch/result/?q=pc-periferie+media+dvd-rw-30","/vyhladavanie?q=pc-periferie%20media%20dvd-rw-30","301","legacy-search"
"/catalogsearch/result/?q=pc-periferie+media+dvd-rw-32","/vyhladavanie?q=pc-periferie%20media%20dvd-rw-32","301","legacy-search"
"/catalogsearch/result/?q=pc-periferie+media+dvd-rw-37","/vyhladavanie?q=pc-periferie%20media%20dvd-rw-37","301","legacy-search"
"/catalogsearch/result/?q=pc-periferie+media+dvd-rw-42","/vyhladavanie?q=pc-periferie%20media%20dvd-rw-42","301","legacy-search"
"/catalogsearch/result/?q=pc-periferie+media+dvd-rw-427","/vyhladavanie?q=pc-periferie%20media%20dvd-rw-427","301","legacy-search"
"/catalogsearch/result/?q=pc-periferie+media+dvd-rw-475","/vyhladavanie?q=pc-periferie%20media%20dvd-rw-475","301","legacy-search"
"/catalogsearch/result/?q=pc-periferie+media+dvd-rw-546","/vyhladavanie?q=pc-periferie%20media%20dvd-rw-546","301","legacy-search"
"/catalogsearch/result/?q=pc-periferie+media+dvd-rw-609","/vyhladavanie?q=pc-periferie%20media%20dvd-rw-609","301","legacy-search"
"/catalogsearch/result/?q=pc-periferie+media+dvd-rw-62","/vyhladavanie?q=pc-periferie%20media%20dvd-rw-62","301","legacy-search"
"/catalogsearch/result/?q=pc-periferie+media+dvd-rw-650","/vyhladavanie?q=pc-periferie%20media%20dvd-rw-650","301","legacy-search"
"/catalogsearch/result/?q=pc-periferie+media+dvd-rw-727","/vyhladavanie?q=pc-periferie%20media%20dvd-rw-727","301","legacy-search"
"/catalogsearch/result/?q=pc-periferie+media+dvd-rw-753","/vyhladavanie?q=pc-periferie%20media%20dvd-rw-753","301","legacy-search"
"/catalogsearch/result/?q=pc-periferie+media+dvd-rw-769","/vyhladavanie?q=pc-periferie%20media%20dvd-rw-769","301","legacy-search"
"/catalogsearch/result/?q=pc-periferie+media+dvd-rw-785","/vyhladavanie?q=pc-periferie%20media%20dvd-rw-785","301","legacy-search"
"/catalogsearch/result/?q=pc-periferie+media+dvd-rw-800","/vyhladavanie?q=pc-periferie%20media%20dvd-rw-800","301","legacy-search"
"/catalogsearch/result/?q=pc-periferie+media+dvd-rw-820","/vyhladavanie?q=pc-periferie%20media%20dvd-rw-820","301","legacy-search"
"/catalogsearch/result/?q=pc-periferie+media+dvd-rw-842","/vyhladavanie?q=pc-periferie%20media%20dvd-rw-842","301","legacy-search"
"/catalogsearch/result/?q=pc-periferie+monitory+48","/vyhladavanie?q=pc-periferie%20monitory%2048","301","legacy-search"
"/catalogsearch/result/?q=pc-periferie+monitory+bazar-benq-mt-lcd-led-ff-24-rl2455hm-wide-dvi-d-sub-hdmi2x-1920x1080-250cd-m2-1000-1-5ms-pouzito-repair","/vyhladavanie?q=pc-periferie%20monitory%20bazar-benq-mt-lcd-led-ff-24-rl2455hm-wide-dvi-d-sub-hdmi2x-1920x1080-250cd-m2-1000-1-5ms-pouzito-repair","301","legacy-search"
"/catalogsearch/result/?q=pc-periferie+monitory+drzak-pro-upevneni-ke-stojanu-eizo-lpcsk-03r-bk","/vyhladavanie?q=pc-periferie%20monitory%20drzak-pro-upevneni-ke-stojanu-eizo-lpcsk-03r-bk","301","legacy-search"
"/catalogsearch/result/?q=pc-periferie+monitory+mva","/vyhladavanie?q=pc-periferie%20monitory%20mva","301","legacy-search"
"/catalogsearch/result/?q=pc-periferie+monitory+pls","/vyhladavanie?q=pc-periferie%20monitory%20pls","301","legacy-search"
"/catalogsearch/result/?q=pc-periferie+monitory+qled","/vyhladavanie?q=pc-periferie%20monitory%20qled","301","legacy-search"
"/catalogsearch/result/?q=pc-periferie+monitory+va+samsung-mt-lcd-27-s27r750-uhd-hdmi-4ms-169-1061502","/vyhladavanie?q=pc-periferie%20monitory%20va%20samsung-mt-lcd-27-s27r750-uhd-hdmi-4ms-169-1061502","301","legacy-search"
"/catalogsearch/result/?q=pc-periferie+monitory+waveshare-5-dotykovy-lcd-h-displej-tft-800x480-kapacitni-hdmi-usb","/vyhladavanie?q=pc-periferie%20monitory%20waveshare-5-dotykovy-lcd-h-displej-tft-800x480-kapacitni-hdmi-usb","301","legacy-search"
"/catalogsearch/result/?q=pc-periferie+monitory+wled","/vyhladavanie?q=pc-periferie%20monitory%20wled","301","legacy-search"
"/catalogsearch/result/?q=pc-periferie+multifunkcne-tlaciarne+hp-instantink-prepaid-card-ii","/vyhladavanie?q=pc-periferie%20multifunkcne-tlaciarne%20hp-instantink-prepaid-card-ii","301","legacy-search"
"/catalogsearch/result/?q=pily+a+rezanie","/vyhladavanie?q=pily%20a%20rezanie","301","legacy-search"
"/catalogsearch/result/?q=plavky","/vyhladavanie?q=plavky","301","legacy-search"
"/catalogsearch/result/?q=playstation+4+pro","/vyhladavanie?q=playstation%204%20pro","301","legacy-search"
"/catalogsearch/result/?q=playstation+5","/vyhladavanie?q=playstation%205","301","legacy-search"
"/catalogsearch/result/?q=plynove+sporaky","/vyhladavanie?q=plynove%20sporaky","301","legacy-search"
"/catalogsearch/result/?q=pneumatiky","/vyhladavanie?q=pneumatiky","301","legacy-search"
"/catalogsearch/result/?q=pocitace-a-notebooky+15-batoh-targusr-newport","/vyhladavanie?q=pocitace-a-notebooky%2015-batoh-targusr-newport","301","legacy-search"
"/catalogsearch/result/?q=pocitace-a-notebooky+acer-aspire-3-a315-54-36vf-intel-i3-10110u-8-gb-512-gb-ssd-15-6-lcd-fhd-uhd-graphics-win10-home-kamera","/vyhladavanie?q=pocitace-a-notebooky%20acer-aspire-3-a315-54-36vf-intel-i3-10110u-8-gb-512-gb-ssd-15-6-lcd-fhd-uhd-graphics-win10-home-kamera","301","legacy-search"
"/catalogsearch/result/?q=pocitace-a-notebooky+acer-edu-ntb-travelmate-p2-tmp215-41-r3l8-amd-ryzen5-pro-4650u-15-6-ips-8gb-256gbssd-amd-radeon-w10p","/vyhladavanie?q=pocitace-a-notebooky%20acer-edu-ntb-travelmate-p2-tmp215-41-r3l8-amd-ryzen5-pro-4650u-15-6-ips-8gb-256gbssd-amd-radeon-w10p","301","legacy-search"
"/catalogsearch/result/?q=pocitace-a-notebooky+acer-ntb-aspire-1-qualcomm-a114-61-s5jb-qualcomm-kryo-468-14-fhd-4gb-64gbemmc-qualcomm-adreno-618-w11h-in-s-bila","/vyhladavanie?q=pocitace-a-notebooky%20acer-ntb-aspire-1-qualcomm-a114-61-s5jb-qualcomm-kryo-468-14-fhd-4gb-64gbemmc-qualcomm-adreno-618-w11h-in-s-bila","301","legacy-search"
"/catalogsearch/result/?q=pocitace-a-notebooky+acer-ntb-aspire-3-a315-24p-r692-amd-ryzen-5-7520u-15-6-fhd-ips-16gb-512gb-ssd-amd-radeon-graphics-linux-stribrny","/vyhladavanie?q=pocitace-a-notebooky%20acer-ntb-aspire-3-a315-24p-r692-amd-ryzen-5-7520u-15-6-fhd-ips-16gb-512gb-ssd-amd-radeon-graphics-linux-stribrny","301","legacy-search"
"/catalogsearch/result/?q=pocitace-a-notebooky+acer-ntb-aspire-3-a315-35-p324-15-6-fhd-ips-8gb-256gbssd-uhd-graphics-w11h-stribrna","/vyhladavanie?q=pocitace-a-notebooky%20acer-ntb-aspire-3-a315-35-p324-15-6-fhd-ips-8gb-256gbssd-uhd-graphics-w11h-stribrna","301","legacy-search"
"/catalogsearch/result/?q=pocitace-a-notebooky+acer-ntb-aspire-3-a315-58-32c0-intelrcoretmi3-1115g4-15-6-fhd-ips-8gb-512gbssd-intel-uhd-graphics-w11h-strieborna","/vyhladavanie?q=pocitace-a-notebooky%20acer-ntb-aspire-3-a315-58-32c0-intelrcoretmi3-1115g4-15-6-fhd-ips-8gb-512gbssd-intel-uhd-graphics-w11h-strieborna","301","legacy-search"
"/catalogsearch/result/?q=pocitace-a-notebooky+acer-ntb-aspire-5-14-a514-56m-51s9-i5-1335u-14-1920x1200-ips-16-gb-512-gb-ssd-iris-xe-graphics-w11h-steelgray","/vyhladavanie?q=pocitace-a-notebooky%20acer-ntb-aspire-5-14-a514-56m-51s9-i5-1335u-14-1920x1200-ips-16-gb-512-gb-ssd-iris-xe-graphics-w11h-steelgray","301","legacy-search"
"/catalogsearch/result/?q=pocitace-a-notebooky+acer-ntb-aspire-5-a514-55-31yy-core-i3-1215u-14-fhd-8gb-512gbssd-uhd-graphics-windows11h-seda","/vyhladavanie?q=pocitace-a-notebooky%20acer-ntb-aspire-5-a514-55-31yy-core-i3-1215u-14-fhd-8gb-512gbssd-uhd-graphics-windows11h-seda","301","legacy-search"
"/catalogsearch/result/?q=pocitace-a-notebooky+apple-imac-pro-27-retina-5k-8c-intel-xeon-w-3-2ghz-32gb-1tb-ssd-radeon-pro-vega-56-w-8gb-hbm2-sk-kb","/vyhladavanie?q=pocitace-a-notebooky%20apple-imac-pro-27-retina-5k-8c-intel-xeon-w-3-2ghz-32gb-1tb-ssd-radeon-pro-vega-56-w-8gb-hbm2-sk-kb","301","legacy-search"
"/catalogsearch/result/?q=pocitace-a-notebooky+apple-imac-pro-27-retina-5k-8c-intel-xeon-w-3-2ghz-64gb-4tb-ssd-radeon-pro-vega-56-w-16gb-hbm2-eng-kb","/vyhladavanie?q=pocitace-a-notebooky%20apple-imac-pro-27-retina-5k-8c-intel-xeon-w-3-2ghz-64gb-4tb-ssd-radeon-pro-vega-56-w-16gb-hbm2-eng-kb","301","legacy-search"
"/catalogsearch/result/?q=pocitace-a-notebooky+fujitsu-ntb-h7510-15-6-1920x1080-i9-10885hat5-1ghz-32gb-1gb-m2-quadro-rtx3000-6gb-vga-hdmi-ps-tpm-w10pro","/vyhladavanie?q=pocitace-a-notebooky%20fujitsu-ntb-h7510-15-6-1920x1080-i9-10885hat5-1ghz-32gb-1gb-m2-quadro-rtx3000-6gb-vga-hdmi-ps-tpm-w10pro","301","legacy-search"
"/catalogsearch/result/?q=pocitace-a-notebooky+hp-aio-34-all-in-one-34-wuhd-5120x2160-non-touch-i9-12900-16-cores-2x32gb-ddr5-ssd-1tb-rtx-3060-mq-6gb-win11pro","/vyhladavanie?q=pocitace-a-notebooky%20hp-aio-34-all-in-one-34-wuhd-5120x2160-non-touch-i9-12900-16-cores-2x32gb-ddr5-ssd-1tb-rtx-3060-mq-6gb-win11pro","301","legacy-search"
"/catalogsearch/result/?q=pocitace-a-notebooky+hp-aio-eliteone-840g9-23-8-t-i5-12500-1x16gb-512gb-m-2-wifi-6-bt-wrls-kl-a-mys-mcr-bezdvd-240w-pl-win11prodwn","/vyhladavanie?q=pocitace-a-notebooky%20hp-aio-eliteone-840g9-23-8-t-i5-12500-1x16gb-512gb-m-2-wifi-6-bt-wrls-kl-a-mys-mcr-bezdvd-240w-pl-win11prodwn","301","legacy-search"
"/catalogsearch/result/?q=pocitace-a-notebooky+hp-eliteone-800g6-aio-27-t-qhd-i9-10900-32gb-1tb-m-2-rtx2070-8gb-dp-usb-c-hdmi-in-wifi6-bt-wrls-kl-a-mys-sd-mcr-win10pro","/vyhladavanie?q=pocitace-a-notebooky%20hp-eliteone-800g6-aio-27-t-qhd-i9-10900-32gb-1tb-m-2-rtx2070-8gb-dp-usb-c-hdmi-in-wifi6-bt-wrls-kl-a-mys-sd-mcr-win10pro","301","legacy-search"
"/catalogsearch/result/?q=pocitace-a-notebooky+hp-pc-aio-envy-34-c0000nc-34-uhd-3840x2160-non-touch-core-i7-11700-2-50ghz-32gb-ddr4-ssd-1tb-rtx-3060-mq-6gb-win11-home","/vyhladavanie?q=pocitace-a-notebooky%20hp-pc-aio-envy-34-c0000nc-34-uhd-3840x2160-non-touch-core-i7-11700-2-50ghz-32gb-ddr4-ssd-1tb-rtx-3060-mq-6gb-win11-home","301","legacy-search"
"/catalogsearch/result/?q=pocitace-a-notebooky+hp-pc-aio-envy-34-c1000nc-34-wuhd-5120x2160-non-touch-i7-12700-12-cores-32gb-ddr5-ssd-1tb-rtx-3060-mq-6gb-win11-home","/vyhladavanie?q=pocitace-a-notebooky%20hp-pc-aio-envy-34-c1000nc-34-wuhd-5120x2160-non-touch-i7-12700-12-cores-32gb-ddr5-ssd-1tb-rtx-3060-mq-6gb-win11-home","301","legacy-search"
"/catalogsearch/result/?q=pocitace-a-notebooky+hp-pc-aio-envy-34-c1001nc-34-wuhd-5120x2160-non-touch-i9-12900-16-cores-128gb-ddr5-ssd-2tb-rtx-3080-mq-6gb-win11-home","/vyhladavanie?q=pocitace-a-notebooky%20hp-pc-aio-envy-34-c1001nc-34-wuhd-5120x2160-non-touch-i9-12900-16-cores-128gb-ddr5-ssd-2tb-rtx-3080-mq-6gb-win11-home","301","legacy-search"
"/catalogsearch/result/?q=pocitace-a-notebooky+imac-27-retina-5k-display-3-6ghz-10th-gen-intel-i9-radeon-pro-5700-xt-16gb-64gb-2tb","/vyhladavanie?q=pocitace-a-notebooky%20imac-27-retina-5k-display-3-6ghz-10th-gen-intel-i9-radeon-pro-5700-xt-16gb-64gb-2tb","301","legacy-search"
"/catalogsearch/result/?q=pocitace-a-notebooky+notebooky-a-ultrabooky+acer-ntb-acer-ntb-swift-3-sf314-44-r1la-ryzen-5-5625u-14-16gbddr4-512gbssd-radeon-windows11h-stribrna","/vyhladavanie?q=pocitace-a-notebooky%20notebooky-a-ultrabooky%20acer-ntb-acer-ntb-swift-3-sf314-44-r1la-ryzen-5-5625u-14-16gbddr4-512gbssd-radeon-windows11h-stribrna","301","legacy-search"
"/catalogsearch/result/?q=pocitace-a-notebooky+olynx-office-ryzen-5-5600g-8gb-480g-ssd-dvd-rw-w10p-510198","/vyhladavanie?q=pocitace-a-notebooky%20olynx-office-ryzen-5-5600g-8gb-480g-ssd-dvd-rw-w10p-510198","301","legacy-search"
"/catalogsearch/result/?q=pocitace-a-notebooky+olynx-office-ryzen-5-5600g-8gb-480g-ssd-dvd-rw-w10p-510200","/vyhladavanie?q=pocitace-a-notebooky%20olynx-office-ryzen-5-5600g-8gb-480g-ssd-dvd-rw-w10p-510200","301","legacy-search"
"/catalogsearch/result/?q=pocitace-a-notebooky+olynx-office-ryzen-5-5600g-8gb-480g-ssd-dvd-rw-w10p-510212","/vyhladavanie?q=pocitace-a-notebooky%20olynx-office-ryzen-5-5600g-8gb-480g-ssd-dvd-rw-w10p-510212","301","legacy-search"
"/catalogsearch/result/?q=pocitace-a-notebooky+p-hp-ntb-digit-ziak-250-g9-i3-1215u-15-6-fhd-250-8gb-256gb-wifi-ac-bt-win11-channel-only-p","/vyhladavanie?q=pocitace-a-notebooky%20p-hp-ntb-digit-ziak-250-g9-i3-1215u-15-6-fhd-250-8gb-256gb-wifi-ac-bt-win11-channel-only-p","301","legacy-search"
"/catalogsearch/result/?q=pocitace-a-notebooky+pc-hp-m01-f1005nc-amd-apu-ryzen-5-4600g-16gb-ddr4-3200-2x8gb-512-gb-ssd-nvidia-gtx1660-6gb-wifi-bt-wi-key-mou-win10","/vyhladavanie?q=pocitace-a-notebooky%20pc-hp-m01-f1005nc-amd-apu-ryzen-5-4600g-16gb-ddr4-3200-2x8gb-512-gb-ssd-nvidia-gtx1660-6gb-wifi-bt-wi-key-mou-win10","301","legacy-search"
"/catalogsearch/result/?q=pocitace-a-notebooky+tasky-pre-notebooky-a-ultrabooky","/vyhladavanie?q=pocitace-a-notebooky%20tasky-pre-notebooky-a-ultrabooky","301","legacy-search"
"/catalogsearch/result/?q=pocitace-a-notebooky+tasky-pre-notebooky-a-ultrabooky+batohy","/vyhladavanie?q=pocitace-a-notebooky%20tasky-pre-notebooky-a-ultrabooky%20batohy","301","legacy-search"
"/catalogsearch/result/?q=pocitace-a-notebooky+tasky-pre-notebooky-a-ultrabooky+kufre","/vyhladavanie?q=pocitace-a-notebooky%20tasky-pre-notebooky-a-ultrabooky%20kufre","301","legacy-search"
"/catalogsearch/result/?q=pocitace-a-notebooky+tasky-pre-notebooky-a-ultrabooky+prislusenstvo","/vyhladavanie?q=pocitace-a-notebooky%20tasky-pre-notebooky-a-ultrabooky%20prislusenstvo","301","legacy-search"
"/catalogsearch/result/?q=pocitace-a-notebooky+tasky-pre-notebooky-a-ultrabooky+puzdra","/vyhladavanie?q=pocitace-a-notebooky%20tasky-pre-notebooky-a-ultrabooky%20puzdra","301","legacy-search"
"/catalogsearch/result/?q=pocitace-a-notebooky+tasky-pre-notebooky-a-ultrabooky+tasky","/vyhladavanie?q=pocitace-a-notebooky%20tasky-pre-notebooky-a-ultrabooky%20tasky","301","legacy-search"
"/catalogsearch/result/?q=pocitace-a-notebooky+toshiba-dynabook-ntb-cz-sk-satellite-pro-c50-h-11g-15-6-fhd-i3-1005g1-8gb-256ssd-usb-c-w10h","/vyhladavanie?q=pocitace-a-notebooky%20toshiba-dynabook-ntb-cz-sk-satellite-pro-c50-h-11g-15-6-fhd-i3-1005g1-8gb-256ssd-usb-c-w10h","301","legacy-search"
"/catalogsearch/result/?q=pocitace-a-notebooky+veriton-es2740g-intel-core-i3-10100-4gb-ddr4-256gb-ssd-m-2-intelr-hd-graphics-windowsr-10-professional","/vyhladavanie?q=pocitace-a-notebooky%20veriton-es2740g-intel-core-i3-10100-4gb-ddr4-256gb-ssd-m-2-intelr-hd-graphics-windowsr-10-professional","301","legacy-search"
"/catalogsearch/result/?q=pocitace-a-notebooky+veriton-es2740g-intel-core-i5-10400-8gb-ddr4-256gb-ssd-m-2-intelr-hd-graphics-windowsr-10-professional","/vyhladavanie?q=pocitace-a-notebooky%20veriton-es2740g-intel-core-i5-10400-8gb-ddr4-256gb-ssd-m-2-intelr-hd-graphics-windowsr-10-professional","301","legacy-search"
"/catalogsearch/result/?q=pocitace-a-notebooky+veriton-es2740g-intel-core-i5-10400-8gb-ddr4-512gb-ssd-m-2-ssd-intelr-uhd-graphics-windowsr-10-professional","/vyhladavanie?q=pocitace-a-notebooky%20veriton-es2740g-intel-core-i5-10400-8gb-ddr4-512gb-ssd-m-2-ssd-intelr-uhd-graphics-windowsr-10-professional","301","legacy-search"
"/catalogsearch/result/?q=pocitacove-komponenty+1stcool-case-step-gamer-2-micro-tower-au-usb-3-0-rgb-pasik-bez-napajania-priehladna-bocnica-cierna","/vyhladavanie?q=pocitacove-komponenty%201stcool-case-step-gamer-2-micro-tower-au-usb-3-0-rgb-pasik-bez-napajania-priehladna-bocnica-cierna","301","legacy-search"
"/catalogsearch/result/?q=pocitacove-komponenty+1stcool-gamer-1-aura-argb-stredna-veza-au-usb-3-0-nastavenie-fan-argb-bez-napajania","/vyhladavanie?q=pocitacove-komponenty%201stcool-gamer-1-aura-argb-stredna-veza-au-usb-3-0-nastavenie-fan-argb-bez-napajania","301","legacy-search"
"/catalogsearch/result/?q=pocitacove-komponenty+1stcool-monster-stredna-veza-au-usb-3-0-bez-napajania-srgb-ventilator-priehladny-bocny-panel-cierny-548481","/vyhladavanie?q=pocitacove-komponenty%201stcool-monster-stredna-veza-au-usb-3-0-bez-napajania-srgb-ventilator-priehladny-bocny-panel-cierny-548481","301","legacy-search"
"/catalogsearch/result/?q=pocitacove-komponenty+1stcool-skrin-gamer-1-aura-argb-middle-tower-au-usb-3-0-set-fan-argb-bez-zdroje","/vyhladavanie?q=pocitacove-komponenty%201stcool-skrin-gamer-1-aura-argb-middle-tower-au-usb-3-0-set-fan-argb-bez-zdroje","301","legacy-search"
"/catalogsearch/result/?q=pocitacove-komponenty+1stcool-skrin-gamer-1-full-tower-au-usb-3-0-bez-zdroje-black","/vyhladavanie?q=pocitacove-komponenty%201stcool-skrin-gamer-1-full-tower-au-usb-3-0-bez-zdroje-black","301","legacy-search"
"/catalogsearch/result/?q=pocitacove-komponenty+1stcool-skrin-gamer-3-aura-argb-middle-tower-au-usb-3-0-set-fan-argb-bez-zdroje","/vyhladavanie?q=pocitacove-komponenty%201stcool-skrin-gamer-3-aura-argb-middle-tower-au-usb-3-0-set-fan-argb-bez-zdroje","301","legacy-search"
"/catalogsearch/result/?q=pocitacove-komponenty+1stcool-skrin-gamer-3-full-tower-au-usb-3-0-bez-zdroje-black","/vyhladavanie?q=pocitacove-komponenty%201stcool-skrin-gamer-3-full-tower-au-usb-3-0-bez-zdroje-black","301","legacy-search"
"/catalogsearch/result/?q=pocitacove-komponenty+1stcool-skrin-jazz-1-midi-tower-au-usb-3-0-bez-zdroje-black","/vyhladavanie?q=pocitacove-komponenty%201stcool-skrin-jazz-1-midi-tower-au-usb-3-0-bez-zdroje-black","301","legacy-search"
"/catalogsearch/result/?q=pocitacove-komponenty+1stcool-skrin-jazz-2-midi-tower-au-usb-3-0-blue-fan-bez-zdroje-black","/vyhladavanie?q=pocitacove-komponenty%201stcool-skrin-jazz-2-midi-tower-au-usb-3-0-blue-fan-bez-zdroje-black","301","legacy-search"
"/catalogsearch/result/?q=pocitacove-komponenty+1stcool-skrin-jazz-2-midi-tower-au-usb-3-0-blue-fan-transparet-side-bez-zdroje-black","/vyhladavanie?q=pocitacove-komponenty%201stcool-skrin-jazz-2-midi-tower-au-usb-3-0-blue-fan-transparet-side-bez-zdroje-black","301","legacy-search"
"/catalogsearch/result/?q=pocitacove-komponenty+1stcool-skrin-rainbow-1-evo-argb-strip-fan-middle-tower-au-usb3-0-bez-zdroje-pruhledna-bocnice-cerna","/vyhladavanie?q=pocitacove-komponenty%201stcool-skrin-rainbow-1-evo-argb-strip-fan-middle-tower-au-usb3-0-bez-zdroje-pruhledna-bocnice-cerna","301","legacy-search"
"/catalogsearch/result/?q=pocitacove-komponenty+1stcool-skrin-rainbow-2-evo-argb-strip-fan-middle-tower-au-usb3-0-bez-zdroje-pruhledna-bocnice-cerna","/vyhladavanie?q=pocitacove-komponenty%201stcool-skrin-rainbow-2-evo-argb-strip-fan-middle-tower-au-usb3-0-bez-zdroje-pruhledna-bocnice-cerna","301","legacy-search"
"/catalogsearch/result/?q=pocitacove-komponenty+1stcool-skrin-step-1-micro-atx-au-1x-usb-3-0-1x-usb-2-0-bez-zdroje-black","/vyhladavanie?q=pocitacove-komponenty%201stcool-skrin-step-1-micro-atx-au-1x-usb-3-0-1x-usb-2-0-bez-zdroje-black","301","legacy-search"
"/catalogsearch/result/?q=pocitacove-komponenty+opticke-mechaniky+cd-rom","/vyhladavanie?q=pocitacove-komponenty%20opticke-mechaniky%20cd-rom","301","legacy-search"
"/catalogsearch/result/?q=pocitacove-komponenty+pocitacove-skrine+1stcool-skrin-sauron-middle-tower-argb-au-usb-3-0-bez-zdroje-cerna","/vyhladavanie?q=pocitacove-komponenty%20pocitacove-skrine%201stcool-skrin-sauron-middle-tower-argb-au-usb-3-0-bez-zdroje-cerna","301","legacy-search"
"/catalogsearch/result/?q=pocitacove-komponenty+procesory+socket-am3-32","/vyhladavanie?q=pocitacove-komponenty%20procesory%20socket-am3-32","301","legacy-search"
"/catalogsearch/result/?q=pocitacove-komponenty+procesory+socket-am3-521","/vyhladavanie?q=pocitacove-komponenty%20procesory%20socket-am3-521","301","legacy-search"
"/catalogsearch/result/?q=pocitacove-komponenty+procesory+socket-fm2-32","/vyhladavanie?q=pocitacove-komponenty%20procesory%20socket-fm2-32","301","legacy-search"
"/catalogsearch/result/?q=pocitacove-komponenty+procesory+socket-fm2-427","/vyhladavanie?q=pocitacove-komponenty%20procesory%20socket-fm2-427","301","legacy-search"
"/catalogsearch/result/?q=pocitacove-komponenty+procesory+socket-fm2-475","/vyhladavanie?q=pocitacove-komponenty%20procesory%20socket-fm2-475","301","legacy-search"
"/catalogsearch/result/?q=pocitacove-komponenty+procesory+socket-fm2-521","/vyhladavanie?q=pocitacove-komponenty%20procesory%20socket-fm2-521","301","legacy-search"
"/catalogsearch/result/?q=pocitacove-komponenty+procesory+socket-fm2-546","/vyhladavanie?q=pocitacove-komponenty%20procesory%20socket-fm2-546","301","legacy-search"
"/catalogsearch/result/?q=pocitacove-komponenty+procesory+socket-fm2-609","/vyhladavanie?q=pocitacove-komponenty%20procesory%20socket-fm2-609","301","legacy-search"
"/catalogsearch/result/?q=pocitacove-komponenty+procesory+socket-fm2-650","/vyhladavanie?q=pocitacove-komponenty%20procesory%20socket-fm2-650","301","legacy-search"
"/catalogsearch/result/?q=pocitacove-komponenty+zakladne-dosky+socket-am3-32","/vyhladavanie?q=pocitacove-komponenty%20zakladne-dosky%20socket-am3-32","301","legacy-search"
"/catalogsearch/result/?q=pocitacove-komponenty+zakladne-dosky+socket-am3-427","/vyhladavanie?q=pocitacove-komponenty%20zakladne-dosky%20socket-am3-427","301","legacy-search"
"/catalogsearch/result/?q=pocitacove-komponenty+zakladne-dosky+socket-am3-475","/vyhladavanie?q=pocitacove-komponenty%20zakladne-dosky%20socket-am3-475","301","legacy-search"
"/catalogsearch/result/?q=pocitacove-komponenty+zakladne-dosky+socket-am3-521","/vyhladavanie?q=pocitacove-komponenty%20zakladne-dosky%20socket-am3-521","301","legacy-search"
"/catalogsearch/result/?q=pocitacove-komponenty+zakladne-dosky+socket-am3-546","/vyhladavanie?q=pocitacove-komponenty%20zakladne-dosky%20socket-am3-546","301","legacy-search"
"/catalogsearch/result/?q=pocitacove-komponenty+zakladne-dosky+socket-am3-609","/vyhladavanie?q=pocitacove-komponenty%20zakladne-dosky%20socket-am3-609","301","legacy-search"
"/catalogsearch/result/?q=pocitacove-komponenty+zakladne-dosky+socket-am3-650","/vyhladavanie?q=pocitacove-komponenty%20zakladne-dosky%20socket-am3-650","301","legacy-search"
"/catalogsearch/result/?q=pocitacove-komponenty+zakladne-dosky+socket-fm2-32","/vyhladavanie?q=pocitacove-komponenty%20zakladne-dosky%20socket-fm2-32","301","legacy-search"
"/catalogsearch/result/?q=pocitacove-komponenty+zakladne-dosky+socket-fm2-427","/vyhladavanie?q=pocitacove-komponenty%20zakladne-dosky%20socket-fm2-427","301","legacy-search"
"/catalogsearch/result/?q=pocitacove-komponenty+zakladne-dosky+socket-fm2-475","/vyhladavanie?q=pocitacove-komponenty%20zakladne-dosky%20socket-fm2-475","301","legacy-search"
"/catalogsearch/result/?q=pocitacove-komponenty+zakladne-dosky+socket-fm2-521","/vyhladavanie?q=pocitacove-komponenty%20zakladne-dosky%20socket-fm2-521","301","legacy-search"
"/catalogsearch/result/?q=pocitacove-komponenty+zakladne-dosky+socket-fm2-546","/vyhladavanie?q=pocitacove-komponenty%20zakladne-dosky%20socket-fm2-546","301","legacy-search"
"/catalogsearch/result/?q=pocitacove-komponenty+zakladne-dosky+socket-fm2-609","/vyhladavanie?q=pocitacove-komponenty%20zakladne-dosky%20socket-fm2-609","301","legacy-search"
"/catalogsearch/result/?q=pocitacove-komponenty+zakladne-dosky+socket-fm2-650","/vyhladavanie?q=pocitacove-komponenty%20zakladne-dosky%20socket-fm2-650","301","legacy-search"
"/catalogsearch/result/?q=pokladnicky","/vyhladavanie?q=pokladnicky","301","legacy-search"
"/catalogsearch/result/?q=pokladnicne-systemy+nahradne-baterie-datalogic-536397","/vyhladavanie?q=pokladnicne-systemy%20nahradne-baterie-datalogic-536397","301","legacy-search"
"/catalogsearch/result/?q=ponozky","/vyhladavanie?q=ponozky","301","legacy-search"
"/catalogsearch/result/?q=postove+schranky","/vyhladavanie?q=postove%20schranky","301","legacy-search"
"/catalogsearch/result/?q=postrekovace","/vyhladavanie?q=postrekovace","301","legacy-search"
"/catalogsearch/result/?q=pracky+s+prednym+plnenim","/vyhladavanie?q=pracky%20s%20prednym%20plnenim","301","legacy-search"
"/catalogsearch/result/?q=pracky+so+susickou","/vyhladavanie?q=pracky%20so%20susickou","301","legacy-search"
"/catalogsearch/result/?q=pre+domacnosti","/vyhladavanie?q=pre%20domacnosti","301","legacy-search"
"/catalogsearch/result/?q=pre+rotacne+kefky","/vyhladavanie?q=pre%20rotacne%20kefky","301","legacy-search"
"/catalogsearch/result/?q=pribory","/vyhladavanie?q=pribory","301","legacy-search"
"/catalogsearch/result/?q=priemyslove+vysavace","/vyhladavanie?q=priemyslove%20vysavace","301","legacy-search"
"/catalogsearch/result/?q=prietokove+ohrievace","/vyhladavanie?q=prietokove%20ohrievace","301","legacy-search"
"/catalogsearch/result/?q=prirucna+batozina","/vyhladavanie?q=prirucna%20batozina","301","legacy-search"
"/catalogsearch/result/?q=prislusenstvo+k+bazenom+a+virivkam","/vyhladavanie?q=prislusenstvo%20k%20bazenom%20a%20virivkam","301","legacy-search"
"/catalogsearch/result/?q=prislusenstvo+k+hoblikom","/vyhladavanie?q=prislusenstvo%20k%20hoblikom","301","legacy-search"
"/catalogsearch/result/?q=prislusenstvo+k+holiacim+strojcekom","/vyhladavanie?q=prislusenstvo%20k%20holiacim%20strojcekom","301","legacy-search"
"/catalogsearch/result/?q=prislusenstvo+k+hoverboardom","/vyhladavanie?q=prislusenstvo%20k%20hoverboardom","301","legacy-search"
"/catalogsearch/result/?q=prislusenstvo+k+mikrovlnnym+ruram","/vyhladavanie?q=prislusenstvo%20k%20mikrovlnnym%20ruram","301","legacy-search"
"/catalogsearch/result/?q=prislusenstvo+k+mraznickam","/vyhladavanie?q=prislusenstvo%20k%20mraznickam","301","legacy-search"
"/catalogsearch/result/?q=prislusenstvo+k+robotickym+vysavacom","/vyhladavanie?q=prislusenstvo%20k%20robotickym%20vysavacom","301","legacy-search"
"/catalogsearch/result/?q=prislusenstvo+k+ruram","/vyhladavanie?q=prislusenstvo%20k%20ruram","301","legacy-search"
"/catalogsearch/result/?q=prislusenstvo+k+susickam","/vyhladavanie?q=prislusenstvo%20k%20susickam","301","legacy-search"
"/catalogsearch/result/?q=prislusenstvo+k+umyvackam","/vyhladavanie?q=prislusenstvo%20k%20umyvackam","301","legacy-search"
"/catalogsearch/result/?q=prislusenstvo+k+varnym+doskam","/vyhladavanie?q=prislusenstvo%20k%20varnym%20doskam","301","legacy-search"
"/catalogsearch/result/?q=prislusenstvo+k+vinotekam","/vyhladavanie?q=prislusenstvo%20k%20vinotekam","301","legacy-search"
"/catalogsearch/result/?q=prislusenstvo+k+zehlickam","/vyhladavanie?q=prislusenstvo%20k%20zehlickam","301","legacy-search"
"/catalogsearch/result/?q=prislusenstvo+ku+kefkam","/vyhladavanie?q=prislusenstvo%20ku%20kefkam","301","legacy-search"
"/catalogsearch/result/?q=prislusenstvo+ku+sporakom","/vyhladavanie?q=prislusenstvo%20ku%20sporakom","301","legacy-search"
"/catalogsearch/result/?q=prislusenstvo+pre+faxy","/vyhladavanie?q=prislusenstvo%20pre%20faxy","301","legacy-search"
"/catalogsearch/result/?q=prislusenstvo+pre+krovinorezy+a+vyzinace","/vyhladavanie?q=prislusenstvo%20pre%20krovinorezy%20a%20vyzinace","301","legacy-search"
"/catalogsearch/result/?q=rastove+sera","/vyhladavanie?q=rastove%20sera","301","legacy-search"
"/catalogsearch/result/?q=rebriky","/vyhladavanie?q=rebriky","301","legacy-search"
"/catalogsearch/result/?q=receiver","/vyhladavanie?q=receiver","301","legacy-search"
"/catalogsearch/result/?q=remosky","/vyhladavanie?q=remosky","301","legacy-search"
"/catalogsearch/result/?q=retazove+pily","/vyhladavanie?q=retazove%20pily","301","legacy-search"
"/catalogsearch/result/?q=roboticke+kosacky","/vyhladavanie?q=roboticke%20kosacky","301","legacy-search"
"/catalogsearch/result/?q=rohoze+a+siete","/vyhladavanie?q=rohoze%20a%20siete","301","legacy-search"
"/catalogsearch/result/?q=rotacne+kosacky","/vyhladavanie?q=rotacne%20kosacky","301","legacy-search"
"/catalogsearch/result/?q=rucne+lampy+a+halogeny","/vyhladavanie?q=rucne%20lampy%20a%20halogeny","301","legacy-search"
"/catalogsearch/result/?q=ryzovary","/vyhladavanie?q=ryzovary","301","legacy-search"
"/catalogsearch/result/?q=sady+naradia","/vyhladavanie?q=sady%20naradia","301","legacy-search"
"/catalogsearch/result/?q=sady+nozov","/vyhladavanie?q=sady%20nozov","301","legacy-search"
"/catalogsearch/result/?q=sady+zahradneho+nabytku","/vyhladavanie?q=sady%20zahradneho%20nabytku","301","legacy-search"
"/catalogsearch/result/?q=servery-prislus-a-komponenty+hdd-k-serverom+1-900","/vyhladavanie?q=servery-prislus-a-komponenty%20hdd-k-serverom%201-900","301","legacy-search"
"/catalogsearch/result/?q=servery-prislus-a-komponenty+hdd-k-serverom+1-920","/vyhladavanie?q=servery-prislus-a-komponenty%20hdd-k-serverom%201-920","301","legacy-search"
"/catalogsearch/result/?q=servery-prislus-a-komponenty+hdd-k-serverom+20-000","/vyhladavanie?q=servery-prislus-a-komponenty%20hdd-k-serverom%2020-000","301","legacy-search"
"/catalogsearch/result/?q=servery-prislus-a-komponenty+hdd-k-serverom+240","/vyhladavanie?q=servery-prislus-a-komponenty%20hdd-k-serverom%20240","301","legacy-search"
"/catalogsearch/result/?q=servery-prislus-a-komponenty+hdd-k-serverom+3-200","/vyhladavanie?q=servery-prislus-a-komponenty%20hdd-k-serverom%203-200","301","legacy-search"
"/catalogsearch/result/?q=servery-prislus-a-komponenty+hdd-k-serverom+3-840","/vyhladavanie?q=servery-prislus-a-komponenty%20hdd-k-serverom%203-840","301","legacy-search"
"/catalogsearch/result/?q=servery-prislus-a-komponenty+hdd-k-serverom+7-680","/vyhladavanie?q=servery-prislus-a-komponenty%20hdd-k-serverom%207-680","301","legacy-search"
"/catalogsearch/result/?q=servery-prislus-a-komponenty+hdd-k-serverom+7000","/vyhladavanie?q=servery-prislus-a-komponenty%20hdd-k-serverom%207000","301","legacy-search"
"/catalogsearch/result/?q=servery-prislus-a-komponenty+hdd-k-serverom+960","/vyhladavanie?q=servery-prislus-a-komponenty%20hdd-k-serverom%20960","301","legacy-search"
"/catalogsearch/result/?q=servery-prislusenstvo-a-komponenty","/vyhladavanie?q=servery-prislusenstvo-a-komponenty","301","legacy-search"
"/catalogsearch/result/?q=set+pracka+a+susicka","/vyhladavanie?q=set%20pracka%20a%20susicka","301","legacy-search"
"/catalogsearch/result/?q=sietove-prvky+instalacni-kabel-solarix-stp-cat6a-drat-lsoh-civka-500m","/vyhladavanie?q=sietove-prvky%20instalacni-kabel-solarix-stp-cat6a-drat-lsoh-civka-500m","301","legacy-search"
"/catalogsearch/result/?q=sietove-prvky+strukturovana-kabelaz+kable-prepojovacie+gembird-kabel-utp-cat6-patch-1m-sedy","/vyhladavanie?q=sietove-prvky%20strukturovana-kabelaz%20kable-prepojovacie%20gembird-kabel-utp-cat6-patch-1m-sedy","301","legacy-search"
"/catalogsearch/result/?q=sietove-prvky+strukturovana-kabelaz+kable-prepojovacie+gembird-kabel-utp-cat6-patch-5m-sedy","/vyhladavanie?q=sietove-prvky%20strukturovana-kabelaz%20kable-prepojovacie%20gembird-kabel-utp-cat6-patch-5m-sedy","301","legacy-search"
"/catalogsearch/result/?q=sijacie+stroje","/vyhladavanie?q=sijacie%20stroje","301","legacy-search"
"/catalogsearch/result/?q=sklokeramicke+sporaky","/vyhladavanie?q=sklokeramicke%20sporaky","301","legacy-search"
"/catalogsearch/result/?q=skola-a-volny-cas+elektromobilita+elektrokolobezky+acer-elektrokolobezka-escooter-series-5","/vyhladavanie?q=skola-a-volny-cas%20elektromobilita%20elektrokolobezky%20acer-elektrokolobezka-escooter-series-5","301","legacy-search"
"/catalogsearch/result/?q=skola-a-volny-cas+elektromobilita+elektrokolobezky+bazar-xiaomi-mi-electric-scooter-1s-poskozeny-obal-komplet","/vyhladavanie?q=skola-a-volny-cas%20elektromobilita%20elektrokolobezky%20bazar-xiaomi-mi-electric-scooter-1s-poskozeny-obal-komplet","301","legacy-search"
"/catalogsearch/result/?q=skola-a-volny-cas+elektromobilita+elektrokolobezky+concept-sc4500-crossader-4-5-elektricka-kolobezka-dojezd-45-km-led-displej-do-120-kg-25-km-h-slozitelna-tempomat","/vyhladavanie?q=skola-a-volny-cas%20elektromobilita%20elektrokolobezky%20concept-sc4500-crossader-4-5-elektricka-kolobezka-dojezd-45-km-led-displej-do-120-kg-25-km-h-slozitelna-tempomat","301","legacy-search"
"/catalogsearch/result/?q=skola-a-volny-cas+elektromobilita+elektrokolobezky+denver-sco-80125-elektricka-kolobezka","/vyhladavanie?q=skola-a-volny-cas%20elektromobilita%20elektrokolobezky%20denver-sco-80125-elektricka-kolobezka","301","legacy-search"
"/catalogsearch/result/?q=skola-a-volny-cas+elektromobilita+elektrokolobezky+kaabo-skywalker-10h-eco-48v-15-6ah-800w-poskozena-krabice","/vyhladavanie?q=skola-a-volny-cas%20elektromobilita%20elektrokolobezky%20kaabo-skywalker-10h-eco-48v-15-6ah-800w-poskozena-krabice","301","legacy-search"
"/catalogsearch/result/?q=skola-sport-a-volny-cas","/vyhladavanie?q=skola-sport-a-volny-cas","301","legacy-search"
"/catalogsearch/result/?q=skola-sport-a-volny-cas+batozina-a-batohy+batohy+jednodenne-batohy","/vyhladavanie?q=skola-sport-a-volny-cas%20batozina-a-batohy%20batohy%20jednodenne-batohy","301","legacy-search"
"/catalogsearch/result/?q=skola-sport-a-volny-cas+batozina-a-batohy+tasky","/vyhladavanie?q=skola-sport-a-volny-cas%20batozina-a-batohy%20tasky","301","legacy-search"
"/catalogsearch/result/?q=skola-sport-a-volny-cas+cyklistika+cyklo-doplnky","/vyhladavanie?q=skola-sport-a-volny-cas%20cyklistika%20cyklo-doplnky","301","legacy-search"
"/catalogsearch/result/?q=skola-sport-a-volny-cas+cyklistika+cyklo-doplnky+drziaky","/vyhladavanie?q=skola-sport-a-volny-cas%20cyklistika%20cyklo-doplnky%20drziaky","301","legacy-search"
"/catalogsearch/result/?q=skola-sport-a-volny-cas+cyklistika+cyklo-doplnky+naradie","/vyhladavanie?q=skola-sport-a-volny-cas%20cyklistika%20cyklo-doplnky%20naradie","301","legacy-search"
"/catalogsearch/result/?q=skola-sport-a-volny-cas+cyklistika+cyklocomputre","/vyhladavanie?q=skola-sport-a-volny-cas%20cyklistika%20cyklocomputre","301","legacy-search"
"/catalogsearch/result/?q=skola-sport-a-volny-cas+dalekohlady","/vyhladavanie?q=skola-sport-a-volny-cas%20dalekohlady","301","legacy-search"
"/catalogsearch/result/?q=skola-sport-a-volny-cas+elektromobilita","/vyhladavanie?q=skola-sport-a-volny-cas%20elektromobilita","301","legacy-search"
"/catalogsearch/result/?q=skola-sport-a-volny-cas+elektromobilita+elektrokolobezky+bluetouch-bt350-elektricka-skladaci-kolobezka","/vyhladavanie?q=skola-sport-a-volny-cas%20elektromobilita%20elektrokolobezky%20bluetouch-bt350-elektricka-skladaci-kolobezka","301","legacy-search"
"/catalogsearch/result/?q=skola-sport-a-volny-cas+elektromobilita+elektrokolobezky+bluetouch-bt500-elektricka-skladaci-kolobezka","/vyhladavanie?q=skola-sport-a-volny-cas%20elektromobilita%20elektrokolobezky%20bluetouch-bt500-elektricka-skladaci-kolobezka","301","legacy-search"
"/catalogsearch/result/?q=skola-sport-a-volny-cas+elektromobilita+elektrokolobezky+bluetouch-bt800-elektricka-skladaci-kolobezka","/vyhladavanie?q=skola-sport-a-volny-cas%20elektromobilita%20elektrokolobezky%20bluetouch-bt800-elektricka-skladaci-kolobezka","301","legacy-search"
"/catalogsearch/result/?q=skola-sport-a-volny-cas+elektromobilita+elektrokolobezky+denver-sco-80125-elektricka-kolobezka","/vyhladavanie?q=skola-sport-a-volny-cas%20elektromobilita%20elektrokolobezky%20denver-sco-80125-elektricka-kolobezka","301","legacy-search"
"/catalogsearch/result/?q=skola-sport-a-volny-cas+elektromobilita+elektrokolobezky+lenovo-electric-scooter-m2-black","/vyhladavanie?q=skola-sport-a-volny-cas%20elektromobilita%20elektrokolobezky%20lenovo-electric-scooter-m2-black","301","legacy-search"
"/catalogsearch/result/?q=skola-sport-a-volny-cas+elektromobilita+hoverboardy","/vyhladavanie?q=skola-sport-a-volny-cas%20elektromobilita%20hoverboardy","301","legacy-search"
"/catalogsearch/result/?q=skola-sport-a-volny-cas+hracky+ostatne-hracky","/vyhladavanie?q=skola-sport-a-volny-cas%20hracky%20ostatne-hracky","301","legacy-search"
"/catalogsearch/result/?q=skola-sport-a-volny-cas+hracky+rc-modely-412","/vyhladavanie?q=skola-sport-a-volny-cas%20hracky%20rc-modely-412","301","legacy-search"
"/catalogsearch/result/?q=skola-sport-a-volny-cas+hracky+rc-modely-460","/vyhladavanie?q=skola-sport-a-volny-cas%20hracky%20rc-modely-460","301","legacy-search"
"/catalogsearch/result/?q=skola-sport-a-volny-cas+hracky+rc-modely-531","/vyhladavanie?q=skola-sport-a-volny-cas%20hracky%20rc-modely-531","301","legacy-search"
"/catalogsearch/result/?q=skola-sport-a-volny-cas+hracky+rc-modely-594","/vyhladavanie?q=skola-sport-a-volny-cas%20hracky%20rc-modely-594","301","legacy-search"
"/catalogsearch/result/?q=skola-sport-a-volny-cas+hracky+rc-modely-635","/vyhladavanie?q=skola-sport-a-volny-cas%20hracky%20rc-modely-635","301","legacy-search"
"/catalogsearch/result/?q=skola-sport-a-volny-cas+hracky+rc-modely-712","/vyhladavanie?q=skola-sport-a-volny-cas%20hracky%20rc-modely-712","301","legacy-search"
"/catalogsearch/result/?q=skola-sport-a-volny-cas+hracky+rc-modely-738","/vyhladavanie?q=skola-sport-a-volny-cas%20hracky%20rc-modely-738","301","legacy-search"
"/catalogsearch/result/?q=skola-sport-a-volny-cas+hracky+rc-modely-754","/vyhladavanie?q=skola-sport-a-volny-cas%20hracky%20rc-modely-754","301","legacy-search"
"/catalogsearch/result/?q=skola-sport-a-volny-cas+hracky+rc-modely-770","/vyhladavanie?q=skola-sport-a-volny-cas%20hracky%20rc-modely-770","301","legacy-search"
"/catalogsearch/result/?q=skola-sport-a-volny-cas+hracky+rc-modely-785","/vyhladavanie?q=skola-sport-a-volny-cas%20hracky%20rc-modely-785","301","legacy-search"
"/catalogsearch/result/?q=skola-sport-a-volny-cas+hracky+rc-modely-805","/vyhladavanie?q=skola-sport-a-volny-cas%20hracky%20rc-modely-805","301","legacy-search"
"/catalogsearch/result/?q=skola-sport-a-volny-cas+hracky+stavebnice","/vyhladavanie?q=skola-sport-a-volny-cas%20hracky%20stavebnice","301","legacy-search"
"/catalogsearch/result/?q=skola-sport-a-volny-cas+naturehike-bavlnena-vlozka-do-spaciho-pytle-347g-vel-m-kremova","/vyhladavanie?q=skola-sport-a-volny-cas%20naturehike-bavlnena-vlozka-do-spaciho-pytle-347g-vel-m-kremova","301","legacy-search"
"/catalogsearch/result/?q=skola-sport-a-volny-cas+naturehike-bavlnena-vlozka-do-spaciho-pytle-400g-vel-l-kremova","/vyhladavanie?q=skola-sport-a-volny-cas%20naturehike-bavlnena-vlozka-do-spaciho-pytle-400g-vel-l-kremova","301","legacy-search"
"/catalogsearch/result/?q=skola-sport-a-volny-cas+naturehike-detsky-rostouci-spacak-c300-1400g-modry","/vyhladavanie?q=skola-sport-a-volny-cas%20naturehike-detsky-rostouci-spacak-c300-1400g-modry","301","legacy-search"
"/catalogsearch/result/?q=skola-sport-a-volny-cas+oblecenie+ponozky","/vyhladavanie?q=skola-sport-a-volny-cas%20oblecenie%20ponozky","301","legacy-search"
"/catalogsearch/result/?q=skola-sport-a-volny-cas+outdoor+bezpecnost","/vyhladavanie?q=skola-sport-a-volny-cas%20outdoor%20bezpecnost","301","legacy-search"
"/catalogsearch/result/?q=skola-sport-a-volny-cas+outdoor+doplnky-ku-kempovaniu","/vyhladavanie?q=skola-sport-a-volny-cas%20outdoor%20doplnky-ku-kempovaniu","301","legacy-search"
"/catalogsearch/result/?q=skola-sport-a-volny-cas+outdoor+flase-a-pohare","/vyhladavanie?q=skola-sport-a-volny-cas%20outdoor%20flase-a-pohare","301","legacy-search"
"/catalogsearch/result/?q=skola-sport-a-volny-cas+outdoor+flase-a-pohare+flase","/vyhladavanie?q=skola-sport-a-volny-cas%20outdoor%20flase-a-pohare%20flase","301","legacy-search"
"/catalogsearch/result/?q=skola-sport-a-volny-cas+outdoor+karimatky+nafukovacie-karimatky","/vyhladavanie?q=skola-sport-a-volny-cas%20outdoor%20karimatky%20nafukovacie-karimatky","301","legacy-search"
"/catalogsearch/result/?q=skola-sport-a-volny-cas+outdoor+karimatky+penove-karimatky","/vyhladavanie?q=skola-sport-a-volny-cas%20outdoor%20karimatky%20penove-karimatky","301","legacy-search"
"/catalogsearch/result/?q=skola-sport-a-volny-cas+outdoor+karimatky+vankusiky","/vyhladavanie?q=skola-sport-a-volny-cas%20outdoor%20karimatky%20vankusiky","301","legacy-search"
"/catalogsearch/result/?q=skola-sport-a-volny-cas+outdoor+spacaky","/vyhladavanie?q=skola-sport-a-volny-cas%20outdoor%20spacaky","301","legacy-search"
"/catalogsearch/result/?q=skola-sport-a-volny-cas+outdoor+spacaky+spacaky-plnene-perim","/vyhladavanie?q=skola-sport-a-volny-cas%20outdoor%20spacaky%20spacaky-plnene-perim","301","legacy-search"
"/catalogsearch/result/?q=skola-sport-a-volny-cas+outdoor+spacaky+spacaky-plnene-umelym-vlaknom","/vyhladavanie?q=skola-sport-a-volny-cas%20outdoor%20spacaky%20spacaky-plnene-umelym-vlaknom","301","legacy-search"
"/catalogsearch/result/?q=skola-sport-a-volny-cas+outdoor+stany","/vyhladavanie?q=skola-sport-a-volny-cas%20outdoor%20stany","301","legacy-search"
"/catalogsearch/result/?q=skola-sport-a-volny-cas+outdoor+stany+dvojplastove-stany","/vyhladavanie?q=skola-sport-a-volny-cas%20outdoor%20stany%20dvojplastove-stany","301","legacy-search"
"/catalogsearch/result/?q=skola-sport-a-volny-cas+outdoor+stany+hamaky","/vyhladavanie?q=skola-sport-a-volny-cas%20outdoor%20stany%20hamaky","301","legacy-search"
"/catalogsearch/result/?q=skola-sport-a-volny-cas+outdoor+stany+jednoplastove-stany","/vyhladavanie?q=skola-sport-a-volny-cas%20outdoor%20stany%20jednoplastove-stany","301","legacy-search"
"/catalogsearch/result/?q=skola-sport-a-volny-cas+outdoor+stany+prislusenstvo-pre-stany","/vyhladavanie?q=skola-sport-a-volny-cas%20outdoor%20stany%20prislusenstvo-pre-stany","301","legacy-search"
"/catalogsearch/result/?q=skola-sport-a-volny-cas+outdoor+svetla+celovky","/vyhladavanie?q=skola-sport-a-volny-cas%20outdoor%20svetla%20celovky","301","legacy-search"
"/catalogsearch/result/?q=skola-sport-a-volny-cas+outdoor+svetla+multifunkcne","/vyhladavanie?q=skola-sport-a-volny-cas%20outdoor%20svetla%20multifunkcne","301","legacy-search"
"/catalogsearch/result/?q=skola-sport-a-volny-cas+outdoor+svetla+rucne","/vyhladavanie?q=skola-sport-a-volny-cas%20outdoor%20svetla%20rucne","301","legacy-search"
"/catalogsearch/result/?q=skola-sport-a-volny-cas+outdoor+trekingove-palice+skladacie","/vyhladavanie?q=skola-sport-a-volny-cas%20outdoor%20trekingove-palice%20skladacie","301","legacy-search"
"/catalogsearch/result/?q=skola-sport-a-volny-cas+outdoor+trekingove-palice+teleskopicke","/vyhladavanie?q=skola-sport-a-volny-cas%20outdoor%20trekingove-palice%20teleskopicke","301","legacy-search"
"/catalogsearch/result/?q=skola-sport-a-volny-cas+outdoor+varenie","/vyhladavanie?q=skola-sport-a-volny-cas%20outdoor%20varenie","301","legacy-search"
"/catalogsearch/result/?q=skola-sport-a-volny-cas+outdoor+varenie+riad","/vyhladavanie?q=skola-sport-a-volny-cas%20outdoor%20varenie%20riad","301","legacy-search"
"/catalogsearch/result/?q=skola-sport-a-volny-cas+outdoor+varenie+skladaci-riad","/vyhladavanie?q=skola-sport-a-volny-cas%20outdoor%20varenie%20skladaci-riad","301","legacy-search"
"/catalogsearch/result/?q=skola-sport-a-volny-cas+outdoor+varenie+varice","/vyhladavanie?q=skola-sport-a-volny-cas%20outdoor%20varenie%20varice","301","legacy-search"
"/catalogsearch/result/?q=skola-sport-a-volny-cas+outdoor+vysielacky+10-km","/vyhladavanie?q=skola-sport-a-volny-cas%20outdoor%20vysielacky%2010-km","301","legacy-search"
"/catalogsearch/result/?q=skola-sport-a-volny-cas+skola","/vyhladavanie?q=skola-sport-a-volny-cas%20skola","301","legacy-search"
"/catalogsearch/result/?q=skola-sport-a-volny-cas+skola+kalkulatory","/vyhladavanie?q=skola-sport-a-volny-cas%20skola%20kalkulatory","301","legacy-search"
"/catalogsearch/result/?q=skola-sport-a-volny-cas+skola+kalkulatory+zakladne","/vyhladavanie?q=skola-sport-a-volny-cas%20skola%20kalkulatory%20zakladne","301","legacy-search"
"/catalogsearch/result/?q=skola-sport-a-volny-cas+skola+pisacie-potreby","/vyhladavanie?q=skola-sport-a-volny-cas%20skola%20pisacie-potreby","301","legacy-search"
"/catalogsearch/result/?q=skola-sport-a-volny-cas+sport+vonkajsie-sporty","/vyhladavanie?q=skola-sport-a-volny-cas%20sport%20vonkajsie-sporty","301","legacy-search"
"/catalogsearch/result/?q=skola-sport-a-volny-cas+vysielacky","/vyhladavanie?q=skola-sport-a-volny-cas%20vysielacky","301","legacy-search"
"/catalogsearch/result/?q=skola-sport-a-volny-cas+vysielacky+10-km","/vyhladavanie?q=skola-sport-a-volny-cas%20vysielacky%2010-km","301","legacy-search"
"/catalogsearch/result/?q=skola-sport-a-volny-cas+vysielacky+4-km","/vyhladavanie?q=skola-sport-a-volny-cas%20vysielacky%204-km","301","legacy-search"
"/catalogsearch/result/?q=skolske+batohy","/vyhladavanie?q=skolske%20batohy","301","legacy-search"
"/catalogsearch/result/?q=skrine+a+trezory+na+zbrane","/vyhladavanie?q=skrine%20a%20trezory%20na%20zbrane","301","legacy-search"
"/catalogsearch/result/?q=sla","/vyhladavanie?q=sla","301","legacy-search"
"/catalogsearch/result/?q=snehove+retaze","/vyhladavanie?q=snehove%20retaze","301","legacy-search"
"/catalogsearch/result/?q=snekove+odstavovace","/vyhladavanie?q=snekove%20odstavovace","301","legacy-search"
"/catalogsearch/result/?q=snimace","/vyhladavanie?q=snimace","301","legacy-search"
"/catalogsearch/result/?q=socket+1150","/vyhladavanie?q=socket%201150","301","legacy-search"
"/catalogsearch/result/?q=socket+sp3","/vyhladavanie?q=socket%20sp3","301","legacy-search"
"/catalogsearch/result/?q=spacaky","/vyhladavanie?q=spacaky","301","legacy-search"
"/catalogsearch/result/?q=sponkovacky","/vyhladavanie?q=sponkovacky","301","legacy-search"
"/catalogsearch/result/?q=sport","/vyhladavanie?q=sport","301","legacy-search"
"/catalogsearch/result/?q=sport-a-volny-cas","/vyhladavanie?q=sport-a-volny-cas","301","legacy-search"
"/catalogsearch/result/?q=sport-a-volny-cas+batozina-a-batohy+penazenky","/vyhladavanie?q=sport-a-volny-cas%20batozina-a-batohy%20penazenky","301","legacy-search"
"/catalogsearch/result/?q=sport-a-volny-cas+bicykle-a-kolobezky","/vyhladavanie?q=sport-a-volny-cas%20bicykle-a-kolobezky","301","legacy-search"
"/catalogsearch/result/?q=sport-a-volny-cas+bicykle-a-kolobezky+kolobezky","/vyhladavanie?q=sport-a-volny-cas%20bicykle-a-kolobezky%20kolobezky","301","legacy-search"
"/catalogsearch/result/?q=sport-a-volny-cas+bicykle-a-kolobezky+prislusenstvo","/vyhladavanie?q=sport-a-volny-cas%20bicykle-a-kolobezky%20prislusenstvo","301","legacy-search"
"/catalogsearch/result/?q=sport-a-volny-cas+cyklistika+watt-metre","/vyhladavanie?q=sport-a-volny-cas%20cyklistika%20watt-metre","301","legacy-search"
"/catalogsearch/result/?q=sport-a-volny-cas+cyklocomputre","/vyhladavanie?q=sport-a-volny-cas%20cyklocomputre","301","legacy-search"
"/catalogsearch/result/?q=sport-a-volny-cas+cyklonavigacie","/vyhladavanie?q=sport-a-volny-cas%20cyklonavigacie","301","legacy-search"
"/catalogsearch/result/?q=sport-a-volny-cas+dalekohlady","/vyhladavanie?q=sport-a-volny-cas%20dalekohlady","301","legacy-search"
"/catalogsearch/result/?q=sport-a-volny-cas+dalekohlady+binokularne","/vyhladavanie?q=sport-a-volny-cas%20dalekohlady%20binokularne","301","legacy-search"
"/catalogsearch/result/?q=sport-a-volny-cas+dalekohlady+monokularne","/vyhladavanie?q=sport-a-volny-cas%20dalekohlady%20monokularne","301","legacy-search"
"/catalogsearch/result/?q=sport-a-volny-cas+elektromobilita","/vyhladavanie?q=sport-a-volny-cas%20elektromobilita","301","legacy-search"
"/catalogsearch/result/?q=sport-a-volny-cas+elektromobilita+12-km-h","/vyhladavanie?q=sport-a-volny-cas%20elektromobilita%2012-km-h","301","legacy-search"
"/catalogsearch/result/?q=sport-a-volny-cas+elektromobilita+15-km-h","/vyhladavanie?q=sport-a-volny-cas%20elektromobilita%2015-km-h","301","legacy-search"
"/catalogsearch/result/?q=sport-a-volny-cas+elektromobilita+16-km-h","/vyhladavanie?q=sport-a-volny-cas%20elektromobilita%2016-km-h","301","legacy-search"
"/catalogsearch/result/?q=sport-a-volny-cas+elektromobilita+20-km-h","/vyhladavanie?q=sport-a-volny-cas%20elektromobilita%2020-km-h","301","legacy-search"
"/catalogsearch/result/?q=sport-a-volny-cas+elektromobilita+elektricke-kolobezky","/vyhladavanie?q=sport-a-volny-cas%20elektromobilita%20elektricke-kolobezky","301","legacy-search"
"/catalogsearch/result/?q=sport-a-volny-cas+elektromobilita+elektrobicykle","/vyhladavanie?q=sport-a-volny-cas%20elektromobilita%20elektrobicykle","301","legacy-search"
"/catalogsearch/result/?q=sport-a-volny-cas+elektromobilita+hoverboardy","/vyhladavanie?q=sport-a-volny-cas%20elektromobilita%20hoverboardy","301","legacy-search"
"/catalogsearch/result/?q=sport-a-volny-cas+hracky","/vyhladavanie?q=sport-a-volny-cas%20hracky","301","legacy-search"
"/catalogsearch/result/?q=sport-a-volny-cas+hracky+auta-lietadla-lode","/vyhladavanie?q=sport-a-volny-cas%20hracky%20auta-lietadla-lode","301","legacy-search"
"/catalogsearch/result/?q=sport-a-volny-cas+hracky+autodrahy","/vyhladavanie?q=sport-a-volny-cas%20hracky%20autodrahy","301","legacy-search"
"/catalogsearch/result/?q=sport-a-volny-cas+hracky+babiky-a-barbie","/vyhladavanie?q=sport-a-volny-cas%20hracky%20babiky-a-barbie","301","legacy-search"
"/catalogsearch/result/?q=sport-a-volny-cas+hracky+hlavolamy","/vyhladavanie?q=sport-a-volny-cas%20hracky%20hlavolamy","301","legacy-search"
"/catalogsearch/result/?q=sport-a-volny-cas+hracky+kreativne","/vyhladavanie?q=sport-a-volny-cas%20hracky%20kreativne","301","legacy-search"
"/catalogsearch/result/?q=sport-a-volny-cas+hracky+ostatne","/vyhladavanie?q=sport-a-volny-cas%20hracky%20ostatne","301","legacy-search"
"/catalogsearch/result/?q=sport-a-volny-cas+hracky+rc-modely","/vyhladavanie?q=sport-a-volny-cas%20hracky%20rc-modely","301","legacy-search"
"/catalogsearch/result/?q=sport-a-volny-cas+hracky+stavebnice","/vyhladavanie?q=sport-a-volny-cas%20hracky%20stavebnice","301","legacy-search"
"/catalogsearch/result/?q=sport-a-volny-cas+kompasy-a-buzoly","/vyhladavanie?q=sport-a-volny-cas%20kompasy-a-buzoly","301","legacy-search"
"/catalogsearch/result/?q=sport-a-volny-cas+kompasy-a-buzoly+buzoly","/vyhladavanie?q=sport-a-volny-cas%20kompasy-a-buzoly%20buzoly","301","legacy-search"
"/catalogsearch/result/?q=sport-a-volny-cas+kompasy-a-buzoly+kompasy","/vyhladavanie?q=sport-a-volny-cas%20kompasy-a-buzoly%20kompasy","301","legacy-search"
"/catalogsearch/result/?q=sport-a-volny-cas+oblecenie+ciapky","/vyhladavanie?q=sport-a-volny-cas%20oblecenie%20ciapky","301","legacy-search"
"/catalogsearch/result/?q=sport-a-volny-cas+oblecenie+mikiny","/vyhladavanie?q=sport-a-volny-cas%20oblecenie%20mikiny","301","legacy-search"
"/catalogsearch/result/?q=sport-a-volny-cas+prislusenstvo-k-vyrobkom-pre-sport","/vyhladavanie?q=sport-a-volny-cas%20prislusenstvo-k-vyrobkom-pre-sport","301","legacy-search"
"/catalogsearch/result/?q=sport-a-volny-cas+prislusenstvo-k-vyrobkom-pre-sport+kable","/vyhladavanie?q=sport-a-volny-cas%20prislusenstvo-k-vyrobkom-pre-sport%20kable","301","legacy-search"
"/catalogsearch/result/?q=sport-a-volny-cas+prislusenstvo-k-vyrobkom-pre-sport+ostatne","/vyhladavanie?q=sport-a-volny-cas%20prislusenstvo-k-vyrobkom-pre-sport%20ostatne","301","legacy-search"
"/catalogsearch/result/?q=sport-a-volny-cas+prislusenstvo-k-vyrobkom-pre-sport+remienky","/vyhladavanie?q=sport-a-volny-cas%20prislusenstvo-k-vyrobkom-pre-sport%20remienky","301","legacy-search"
"/catalogsearch/result/?q=sport-a-volny-cas+selfie-tyce-a-stabilizatory","/vyhladavanie?q=sport-a-volny-cas%20selfie-tyce-a-stabilizatory","301","legacy-search"
"/catalogsearch/result/?q=sport-a-volny-cas+skola-a-volny-cas","/vyhladavanie?q=sport-a-volny-cas%20skola-a-volny-cas","301","legacy-search"
"/catalogsearch/result/?q=sport-a-volny-cas+skola-a-volny-cas+aktovky-a-batohy","/vyhladavanie?q=sport-a-volny-cas%20skola-a-volny-cas%20aktovky-a-batohy","301","legacy-search"
"/catalogsearch/result/?q=sport-a-volny-cas+skola-a-volny-cas+kufre","/vyhladavanie?q=sport-a-volny-cas%20skola-a-volny-cas%20kufre","301","legacy-search"
"/catalogsearch/result/?q=sport-a-volny-cas+skola-a-volny-cas+notesy-a-bloky","/vyhladavanie?q=sport-a-volny-cas%20skola-a-volny-cas%20notesy-a-bloky","301","legacy-search"
"/catalogsearch/result/?q=sport-a-volny-cas+skola-a-volny-cas+ostatne","/vyhladavanie?q=sport-a-volny-cas%20skola-a-volny-cas%20ostatne","301","legacy-search"
"/catalogsearch/result/?q=sport-a-volny-cas+skola-a-volny-cas+pisacie-potreby","/vyhladavanie?q=sport-a-volny-cas%20skola-a-volny-cas%20pisacie-potreby","301","legacy-search"
"/catalogsearch/result/?q=sport-a-volny-cas+vysielacky","/vyhladavanie?q=sport-a-volny-cas%20vysielacky","301","legacy-search"
"/catalogsearch/result/?q=sport-a-volny-cas+vysielacky+10-km","/vyhladavanie?q=sport-a-volny-cas%20vysielacky%2010-km","301","legacy-search"
"/catalogsearch/result/?q=sport-a-volny-cas+vysielacky+4-km","/vyhladavanie?q=sport-a-volny-cas%20vysielacky%204-km","301","legacy-search"
"/catalogsearch/result/?q=sport-a-volny-cas+vysielacky+6-km","/vyhladavanie?q=sport-a-volny-cas%20vysielacky%206-km","301","legacy-search"
"/catalogsearch/result/?q=sport-a-volny-cas+vysielacky+8-km","/vyhladavanie?q=sport-a-volny-cas%20vysielacky%208-km","301","legacy-search"
"/catalogsearch/result/?q=sport-a-volny-cas+vysielacky+9-km","/vyhladavanie?q=sport-a-volny-cas%20vysielacky%209-km","301","legacy-search"
"/catalogsearch/result/?q=sport-a-volny-cas+vysielacky+9-km+detewe-vysilacka-outdoor-8000-quadcase-4-ks-dosah-az-9-km-oranzova","/vyhladavanie?q=sport-a-volny-cas%20vysielacky%209-km%20detewe-vysilacka-outdoor-8000-quadcase-4-ks-dosah-az-9-km-oranzova","301","legacy-search"
"/catalogsearch/result/?q=sport-a-volny-cas+watt-metre","/vyhladavanie?q=sport-a-volny-cas%20watt-metre","301","legacy-search"
"/catalogsearch/result/?q=sportove+dresy","/vyhladavanie?q=sportove%20dresy","301","legacy-search"
"/catalogsearch/result/?q=spotrebna-elektronika+autoradia+prehravanie-mp3","/vyhladavanie?q=spotrebna-elektronika%20autoradia%20prehravanie-mp3","301","legacy-search"
"/catalogsearch/result/?q=spotrebna-elektronika+bezdrotove-reproduktory+0","/vyhladavanie?q=spotrebna-elektronika%20bezdrotove-reproduktory%200","301","legacy-search"
"/catalogsearch/result/?q=spotrebna-elektronika+bezdrotove-reproduktory+110","/vyhladavanie?q=spotrebna-elektronika%20bezdrotove-reproduktory%20110","301","legacy-search"
"/catalogsearch/result/?q=spotrebna-elektronika+bezdrotove-reproduktory+25","/vyhladavanie?q=spotrebna-elektronika%20bezdrotove-reproduktory%2025","301","legacy-search"
"/catalogsearch/result/?q=spotrebna-elektronika+bezdrotove-reproduktory+35","/vyhladavanie?q=spotrebna-elektronika%20bezdrotove-reproduktory%2035","301","legacy-search"
"/catalogsearch/result/?q=spotrebna-elektronika+bezdrotove-reproduktory+36","/vyhladavanie?q=spotrebna-elektronika%20bezdrotove-reproduktory%2036","301","legacy-search"
"/catalogsearch/result/?q=spotrebna-elektronika+bezdrotove-reproduktory+fm-radio","/vyhladavanie?q=spotrebna-elektronika%20bezdrotove-reproduktory%20fm-radio","301","legacy-search"
"/catalogsearch/result/?q=spotrebna-elektronika+bezdrotove-reproduktory+funkcia-powerbanky","/vyhladavanie?q=spotrebna-elektronika%20bezdrotove-reproduktory%20funkcia-powerbanky","301","legacy-search"
"/catalogsearch/result/?q=spotrebna-elektronika+meteostanice+sietovy-zdroj","/vyhladavanie?q=spotrebna-elektronika%20meteostanice%20sietovy-zdroj","301","legacy-search"
"/catalogsearch/result/?q=spotrebna-elektronika+meteostanice+sietovy-zdroj-bateria","/vyhladavanie?q=spotrebna-elektronika%20meteostanice%20sietovy-zdroj-bateria","301","legacy-search"
"/catalogsearch/result/?q=spotrebna-elektronika+meteostanice+solarny-panel","/vyhladavanie?q=spotrebna-elektronika%20meteostanice%20solarny-panel","301","legacy-search"
"/catalogsearch/result/?q=spotrebna-elektronika+navigacia-gps","/vyhladavanie?q=spotrebna-elektronika%20navigacia-gps","301","legacy-search"
"/catalogsearch/result/?q=spotrebna-elektronika+prepatove-ochrany+1-zasuvka","/vyhladavanie?q=spotrebna-elektronika%20prepatove-ochrany%201-zasuvka","301","legacy-search"
"/catalogsearch/result/?q=spotrebna-elektronika+prepatove-ochrany+4-zasuvky","/vyhladavanie?q=spotrebna-elektronika%20prepatove-ochrany%204-zasuvky","301","legacy-search"
"/catalogsearch/result/?q=spotrebna-elektronika+prislusenstvo-pre-navigacie+puzdra","/vyhladavanie?q=spotrebna-elektronika%20prislusenstvo-pre-navigacie%20puzdra","301","legacy-search"
"/catalogsearch/result/?q=stany","/vyhladavanie?q=stany","301","legacy-search"
"/catalogsearch/result/?q=starostlivost+o+rastliny","/vyhladavanie?q=starostlivost%20o%20rastliny","301","legacy-search"
"/catalogsearch/result/?q=starostlivost+o+telo","/vyhladavanie?q=starostlivost%20o%20telo","301","legacy-search"
"/catalogsearch/result/?q=starostlivost-o-telo+tlakomery-a-teplomery+tlakomery-na-rameno","/vyhladavanie?q=starostlivost-o-telo%20tlakomery-a-teplomery%20tlakomery-na-rameno","301","legacy-search"
"/catalogsearch/result/?q=starostlivost-o-telo+tlakomery-a-teplomery+tlakomery-na-zapestie","/vyhladavanie?q=starostlivost-o-telo%20tlakomery-a-teplomery%20tlakomery-na-zapestie","301","legacy-search"
"/catalogsearch/result/?q=starostlivost-o-telo+zdravotnicke-pomocky+dezinfekce+covid-dezinfekcni-gel-s-pumpou-300ml","/vyhladavanie?q=starostlivost-o-telo%20zdravotnicke-pomocky%20dezinfekce%20covid-dezinfekcni-gel-s-pumpou-300ml","301","legacy-search"
"/catalogsearch/result/?q=startovacie+kable","/vyhladavanie?q=startovacie%20kable","301","legacy-search"
"/catalogsearch/result/?q=statna+sprava","/vyhladavanie?q=statna%20sprava","301","legacy-search"
"/catalogsearch/result/?q=stiepacky","/vyhladavanie?q=stiepacky","301","legacy-search"
"/catalogsearch/result/?q=stojanove+ventilatory","/vyhladavanie?q=stojanove%20ventilatory","301","legacy-search"
"/catalogsearch/result/?q=stolove+umyvacky","/vyhladavanie?q=stolove%20umyvacky","301","legacy-search"
"/catalogsearch/result/?q=sukne","/vyhladavanie?q=sukne","301","legacy-search"
"/catalogsearch/result/?q=supravy+na+dochucovanie","/vyhladavanie?q=supravy%20na%20dochucovanie","301","legacy-search"
"/catalogsearch/result/?q=susicky","/vyhladavanie?q=susicky","301","legacy-search"
"/catalogsearch/result/?q=susicky+s+tepelnym+cerpadlom","/vyhladavanie?q=susicky%20s%20tepelnym%20cerpadlom","301","legacy-search"
"/catalogsearch/result/?q=svetre","/vyhladavanie?q=svetre","301","legacy-search"
"/catalogsearch/result/?q=tasky","/vyhladavanie?q=tasky","301","legacy-search"
"/catalogsearch/result/?q=telove+kremy","/vyhladavanie?q=telove%20kremy","301","legacy-search"
"/catalogsearch/result/?q=tepovace","/vyhladavanie?q=tepovace","301","legacy-search"
"/catalogsearch/result/?q=termosky+a+flase","/vyhladavanie?q=termosky%20a%20flase","301","legacy-search"
"/catalogsearch/result/?q=tlakove+cistice","/vyhladavanie?q=tlakove%20cistice","301","legacy-search"
"/catalogsearch/result/?q=trekingove+palice","/vyhladavanie?q=trekingove%20palice","301","legacy-search"
"/catalogsearch/result/?q=trezory","/vyhladavanie?q=trezory","301","legacy-search"
"/catalogsearch/result/?q=truhlicove+mraznicky","/vyhladavanie?q=truhlicove%20mraznicky","301","legacy-search"
"/catalogsearch/result/?q=ustne+sprchy","/vyhladavanie?q=ustne%20sprchy","301","legacy-search"
"/catalogsearch/result/?q=varice","/vyhladavanie?q=varice","301","legacy-search"
"/catalogsearch/result/?q=velke-spotrebice+chladnicky+chladnicky-volne-stojace","/vyhladavanie?q=velke-spotrebice%20chladnicky%20chladnicky-volne-stojace","301","legacy-search"
"/catalogsearch/result/?q=velke-spotrebice+sporaky","/vyhladavanie?q=velke-spotrebice%20sporaky","301","legacy-search"
"/catalogsearch/result/?q=velke-spotrebice+sporaky+sporaky","/vyhladavanie?q=velke-spotrebice%20sporaky%20sporaky","301","legacy-search"
"/catalogsearch/result/?q=velke-spotrebice+varne-dosky","/vyhladavanie?q=velke-spotrebice%20varne-dosky","301","legacy-search"
"/catalogsearch/result/?q=velke-spotrebice+varne-dosky+varne-dosky-elektricke","/vyhladavanie?q=velke-spotrebice%20varne-dosky%20varne-dosky-elektricke","301","legacy-search"
"/catalogsearch/result/?q=velke-spotrebice+varne-dosky+varne-dosky-indukcne","/vyhladavanie?q=velke-spotrebice%20varne-dosky%20varne-dosky-indukcne","301","legacy-search"
"/catalogsearch/result/?q=velke-spotrebice+varne-dosky+varne-dosky-plynove","/vyhladavanie?q=velke-spotrebice%20varne-dosky%20varne-dosky-plynove","301","legacy-search"
"/catalogsearch/result/?q=velke-spotrebice+varne-dosky+varne-dosky-sklokeramicke","/vyhladavanie?q=velke-spotrebice%20varne-dosky%20varne-dosky-sklokeramicke","301","legacy-search"
"/catalogsearch/result/?q=velke-spotrebice+vstavane-rury","/vyhladavanie?q=velke-spotrebice%20vstavane-rury","301","legacy-search"
"/catalogsearch/result/?q=velke-spotrebice+vstavane-rury+rura-klasicka","/vyhladavanie?q=velke-spotrebice%20vstavane-rury%20rura-klasicka","301","legacy-search"
"/catalogsearch/result/?q=velke-spotrebice+vstavane-rury+rura-kompaktna","/vyhladavanie?q=velke-spotrebice%20vstavane-rury%20rura-kompaktna","301","legacy-search"
"/catalogsearch/result/?q=vodarne","/vyhladavanie?q=vodarne","301","legacy-search"
"/catalogsearch/result/?q=volne+stojace+mikrovlnne+rury","/vyhladavanie?q=volne%20stojace%20mikrovlnne%20rury","301","legacy-search"
"/catalogsearch/result/?q=volne+stojace+vinoteky","/vyhladavanie?q=volne%20stojace%20vinoteky","301","legacy-search"
"/catalogsearch/result/?q=vonkajsie+sporty","/vyhladavanie?q=vonkajsie%20sporty","301","legacy-search"
"/catalogsearch/result/?q=vstavane+chladnicky","/vyhladavanie?q=vstavane%20chladnicky","301","legacy-search"
"/catalogsearch/result/?q=vstavane+digestory","/vyhladavanie?q=vstavane%20digestory","301","legacy-search"
"/catalogsearch/result/?q=vstavane+mikrovlnne+rury","/vyhladavanie?q=vstavane%20mikrovlnne%20rury","301","legacy-search"
"/catalogsearch/result/?q=vstavane+mraznicky","/vyhladavanie?q=vstavane%20mraznicky","301","legacy-search"
"/catalogsearch/result/?q=vstavane+pracky","/vyhladavanie?q=vstavane%20pracky","301","legacy-search"
"/catalogsearch/result/?q=vstavane+susicky","/vyhladavanie?q=vstavane%20susicky","301","legacy-search"
"/catalogsearch/result/?q=vstavane+umyvacky","/vyhladavanie?q=vstavane%20umyvacky","301","legacy-search"
"/catalogsearch/result/?q=vstavane+vinoteky","/vyhladavanie?q=vstavane%20vinoteky","301","legacy-search"
"/catalogsearch/result/?q=vycapne+zariadenia","/vyhladavanie?q=vycapne%20zariadenia","301","legacy-search"
"/catalogsearch/result/?q=vychytavky+do+kuchyne","/vyhladavanie?q=vychytavky%20do%20kuchyne","301","legacy-search"
"/catalogsearch/result/?q=vykurovacie+zariadenia","/vyhladavanie?q=vykurovacie%20zariadenia","301","legacy-search"
"/catalogsearch/result/?q=vyrobniky+ladu","/vyhladavanie?q=vyrobniky%20ladu","301","legacy-search"
"/catalogsearch/result/?q=vysavace","/vyhladavanie?q=vysavace","301","legacy-search"
"/catalogsearch/result/?q=vysavace+do+auta","/vyhladavanie?q=vysavace%20do%20auta","301","legacy-search"
"/catalogsearch/result/?q=vysavace+na+okna","/vyhladavanie?q=vysavace%20na%20okna","301","legacy-search"
"/catalogsearch/result/?q=vzduchotechnika","/vyhladavanie?q=vzduchotechnika","301","legacy-search"
"/catalogsearch/result/?q=watt+metre","/vyhladavanie?q=watt%20metre","301","legacy-search"
"/catalogsearch/result/?q=zabava","/vyhladavanie?q=zabava","301","legacy-search"
"/catalogsearch/result/?q=zahradna+technika","/vyhladavanie?q=zahradna%20technika","301","legacy-search"
"/catalogsearch/result/?q=zahradne+grily","/vyhladavanie?q=zahradne%20grily","301","legacy-search"
"/catalogsearch/result/?q=zahradne+hojdacky","/vyhladavanie?q=zahradne%20hojdacky","301","legacy-search"
"/catalogsearch/result/?q=zahradne+rucne+naradie","/vyhladavanie?q=zahradne%20rucne%20naradie","301","legacy-search"
"/catalogsearch/result/?q=zahradne+traktory","/vyhladavanie?q=zahradne%20traktory","301","legacy-search"
"/catalogsearch/result/?q=zahradny+nabytok","/vyhladavanie?q=zahradny%20nabytok","301","legacy-search"
"/catalogsearch/result/?q=zalohovaci+software","/vyhladavanie?q=zalohovaci%20software","301","legacy-search"
"/catalogsearch/result/?q=zastrihavace+fuzov","/vyhladavanie?q=zastrihavace%20fuzov","301","legacy-search"
"/catalogsearch/result/?q=zastrihavace+vlasov","/vyhladavanie?q=zastrihavace%20vlasov","301","legacy-search"
"/catalogsearch/result/?q=zasuvkove+mraznicky","/vyhladavanie?q=zasuvkove%20mraznicky","301","legacy-search"
"/catalogsearch/result/?q=zavarovacie+hrnce","/vyhladavanie?q=zavarovacie%20hrnce","301","legacy-search"
"/catalogsearch/result/?q=zehlicky+a+sijacie+stroje","/vyhladavanie?q=zehlicky%20a%20sijacie%20stroje","301","legacy-search"
"/catalogsearch/result/?q=zubne+centra","/vyhladavanie?q=zubne%20centra","301","legacy-search"
"/catalogsearch/result/?q=zubne+kefky","/vyhladavanie?q=zubne%20kefky","301","legacy-search"
"/catalogsearch/result/?q=zubne+kefky+a+sprchy","/vyhladavanie?q=zubne%20kefky%20a%20sprchy","301","legacy-search"
"/catalogsearch/result/?q=zvlhcovace","/vyhladavanie?q=zvlhcovace","301","legacy-search"
